episode_id,query0,query1,query2,query3,query4,query5,query6,query7,query8,query9,query10,query11,query12,query13,query14,query15,query16,query17,query18,query19,query20,query21,query22,query23,query24,query25,query26,query27,query28,query29,query30,query31,query32,query33,query34,query35,query36,query37,query38,query39,query40,query41,query42,query43,query44,query45,query46,query47,query48,query49,query50,query51,query52,query53,query54,query55,query56,query57,query58,query59,query60,query61,query62,query63,query64,query65,query66,query67,query68,query69,query70,query71,query72,query73,query74
0,1,1,3,0,0,4,2,3,0,2,2,3,3,2,4,1,2,4,1,0,4,2,3,1,3,2,3,3,1,4,3,1,4,4,1,2,2,3,1,0,4,0,4,0,4,1,3,4,3,4,1,2,0,3,1,0,0,1,2,4,2,1,0,1,4,2,2,3,0,0,4,3,0,2,0
1,2,3,1,4,2,2,0,3,3,3,4,0,3,1,4,1,2,0,2,1,1,4,3,2,2,1,2,0,4,3,4,2,2,0,0,4,1,1,1,1,1,4,0,3,0,0,4,4,3,4,1,3,0,4,2,2,0,4,4,3,2,1,2,0,3,1,3,0,3,0,1,0,2,4,3
2,2,3,0,0,4,1,0,3,2,0,2,0,0,1,3,3,4,0,3,1,2,2,4,2,0,4,4,4,0,1,1,0,2,1,3,2,2,1,4,3,4,3,1,3,3,3,3,1,1,0,2,1,0,4,0,1,1,4,3,4,2,4,2,2,1,3,4,2,1,2,4,3,4,0,0
3,4,4,1,4,3,1,3,3,4,0,3,1,0,0,2,2,1,0,0,3,0,2,0,0,2,3,4,1,0,3,2,4,2,4,3,1,0,0,3,4,0,1,1,1,2,3,1,1,4,3,0,2,2,1,2,3,2,3,4,3,0,2,2,1,1,4,2,4,2,0,3,4,4,1,4
4,0,1,3,0,3,3,2,3,0,2,0,2,4,1,4,2,4,0,2,4,3,1,1,4,3,2,0,0,4,0,1,4,2,3,1,1,1,0,3,4,0,3,1,3,0,2,3,1,3,2,1,4,2,0,4,3,1,0,4,4,4,2,2,1,4,3,0,1,1,0,2,2,4,3,2
5,4,3,0,3,2,4,2,4,2,3,2,0,0,1,2,2,2,0,1,3,3,2,3,3,3,0,4,0,2,1,1,2,4,0,1,0,1,3,2,4,3,4,0,4,0,1,2,4,3,4,0,3,2,1,2,1,0,0,1,4,0,3,1,0,2,1,1,1,4,1,3,4,4,3,4
6,4,2,1,2,2,1,4,3,2,3,2,2,2,2,4,0,1,2,1,3,4,4,4,0,3,4,0,3,2,4,2,4,2,3,3,3,2,1,0,1,1,3,0,3,4,0,3,3,0,1,2,4,1,1,0,0,0,0,1,0,4,3,4,0,1,4,1,3,1,3,1,0,2,0,4
7,0,4,4,3,2,0,4,0,1,1,2,1,0,3,1,4,2,3,1,3,2,1,2,2,0,4,0,0,1,3,3,4,0,4,3,3,3,1,0,1,4,3,2,4,1,2,1,1,3,0,4,0,2,4,1,0,2,3,2,3,0,3,1,2,1,3,0,4,4,4,4,0,2,2,2
8,4,4,2,4,4,1,4,2,1,3,2,2,3,2,2,4,1,2,2,3,3,3,0,1,2,4,1,0,0,1,2,2,0,4,1,2,3,4,3,0,2,4,1,2,0,0,0,1,1,0,4,1,2,4,0,3,3,0,4,3,4,3,1,1,3,0,4,1,1,3,3,3,0,0,0
9,4,4,3,2,3,4,2,4,3,0,1,3,3,1,3,2,0,2,1,2,3,2,2,1,1,4,1,0,1,1,0,3,4,0,3,2,2,2,0,3,1,1,4,2,4,4,2,3,3,0,4,3,0,0,0,0,4,2,4,1,1,4,2,1,2,3,4,3,0,0,4,1,0,1,0
10,1,4,1,3,2,3,3,1,3,0,1,3,2,1,0,4,1,0,4,0,0,1,3,4,3,2,0,2,0,3,1,2,2,2,4,3,1,0,4,0,0,1,0,2,2,0,3,3,0,1,0,2,2,1,4,2,3,3,1,3,4,2,4,2,2,4,4,4,4,0,4,1,3,4,1
11,3,1,0,0,4,2,1,3,1,1,3,3,3,0,2,0,3,1,4,4,0,2,3,1,4,2,3,0,2,0,0,0,4,2,4,1,2,2,3,2,4,2,0,0,0,3,4,4,1,2,3,1,0,4,1,0,4,2,1,4,3,4,3,1,3,1,1,0,1,2,4,4,2,2,3
12,2,4,1,0,3,0,4,1,2,1,3,1,4,3,4,4,2,2,2,0,2,1,3,3,0,2,3,4,4,1,1,1,2,4,1,4,3,3,2,3,2,0,1,2,4,3,0,4,4,4,1,0,0,1,2,1,1,0,0,0,4,1,0,2,3,2,3,3,4,2,0,0,3,0,3
13,1,0,4,0,1,1,4,2,3,0,4,4,1,3,2,3,3,0,0,2,1,0,2,2,4,0,1,1,2,2,1,3,0,0,1,4,3,0,2,3,2,1,0,3,0,2,1,1,3,0,1,1,3,3,4,4,4,4,4,4,4,2,2,3,3,0,3,0,3,4,4,1,2,2,2
14,2,2,4,3,2,0,1,1,2,1,2,3,0,2,4,4,1,4,4,0,4,1,0,4,3,4,3,3,0,3,3,4,1,0,1,3,2,4,1,3,0,0,2,4,0,0,2,0,3,2,0,0,3,2,2,4,0,2,1,3,2,4,1,1,1,1,1,4,3,2,4,0,3,3,1
15,3,2,0,0,2,0,4,4,1,1,4,2,3,2,0,4,4,3,0,3,1,2,2,3,3,0,2,1,2,1,0,0,3,3,1,2,2,3,4,0,1,3,4,4,0,0,1,3,1,1,1,4,2,0,0,0,2,2,1,4,4,4,4,3,1,1,3,2,4,4,0,2,3,3,1
16,2,4,2,3,3,2,1,1,3,1,0,1,2,3,4,2,4,0,3,0,3,0,3,3,0,2,3,2,0,0,3,2,0,1,4,0,4,4,1,4,3,0,4,0,1,2,1,3,0,0,0,3,4,2,2,3,4,1,2,1,0,4,4,3,2,1,1,4,2,1,4,4,1,2,1
17,2,2,0,4,3,2,2,0,3,4,3,2,4,3,0,3,0,3,1,4,0,2,1,0,4,4,1,1,4,1,0,2,4,2,3,1,1,4,0,0,3,3,1,1,3,4,0,4,3,3,0,3,3,0,1,2,0,4,0,2,1,4,0,1,2,1,2,3,1,2,4,2,2,1,4
18,2,4,4,1,0,1,0,3,2,0,2,0,4,2,0,4,4,3,3,3,3,2,2,0,0,2,3,1,1,4,4,3,1,4,1,0,4,1,2,3,2,3,1,0,3,4,4,4,1,0,4,0,2,3,2,2,4,0,0,3,0,3,1,3,1,3,2,2,1,1,1,4,0,2,1
19,0,2,1,3,4,1,2,2,1,2,3,1,0,2,1,0,3,2,3,4,3,3,1,4,0,1,0,2,4,0,4,2,3,1,4,0,0,3,3,3,4,2,0,2,4,1,0,3,3,1,4,3,4,1,0,4,0,1,2,4,2,2,3,4,1,1,2,4,1,4,0,0,0,3,2
20,3,2,1,0,3,2,2,0,4,0,3,0,4,2,4,0,3,3,0,1,3,1,1,0,2,0,2,4,2,1,0,0,1,2,4,2,4,4,2,2,3,3,0,0,1,1,3,3,2,4,4,4,2,1,0,3,4,1,3,3,0,4,3,2,1,1,1,2,1,0,4,4,1,3,4
21,4,2,4,3,4,3,0,2,3,4,3,1,2,3,0,1,1,4,2,1,0,2,3,4,0,0,4,3,0,3,3,4,1,2,4,3,2,0,2,0,2,1,3,0,1,0,2,3,1,1,2,0,3,4,4,0,1,1,2,4,1,0,1,2,0,0,2,4,2,1,3,4,3,4,1
22,4,3,3,4,3,2,4,2,2,1,0,2,4,1,2,4,1,4,0,1,3,1,0,0,3,4,3,4,1,0,1,0,3,4,2,3,3,4,2,4,2,0,1,2,0,0,2,1,2,0,4,2,2,3,3,3,2,2,1,4,0,3,0,0,1,4,1,1,0,1,3,1,0,4,3
23,4,0,1,1,2,0,0,0,3,3,1,1,2,1,0,2,2,4,4,2,4,3,4,4,0,2,4,3,4,4,2,3,1,1,2,0,1,4,2,1,0,0,2,3,2,2,1,4,1,0,4,3,3,4,3,3,2,3,3,2,0,0,0,1,0,2,4,1,3,1,1,3,4,0,3
24,4,1,4,3,4,3,0,3,1,0,4,1,1,0,2,2,4,3,1,0,1,2,0,0,2,3,1,2,3,2,3,0,1,2,3,3,0,2,0,1,1,3,4,3,1,4,3,2,1,4,2,2,3,0,0,4,0,1,4,3,1,4,2,0,0,3,4,2,2,0,4,4,1,4,2
25,2,4,0,0,2,0,1,0,3,1,3,4,4,1,3,1,2,1,3,0,1,1,4,2,3,0,3,1,0,4,2,4,4,3,3,1,3,2,0,3,1,2,0,1,3,0,3,0,3,1,0,2,1,2,0,2,1,0,4,2,2,0,4,4,4,3,3,2,4,2,1,4,4,2,4
26,2,2,2,4,3,1,2,0,3,1,1,0,3,2,3,3,2,3,3,4,1,3,1,3,2,3,4,4,4,0,1,1,1,0,4,2,1,4,3,4,2,2,4,4,1,4,2,1,0,3,2,0,0,3,1,0,0,2,0,0,4,0,1,3,3,1,2,0,0,4,4,0,2,1,4
27,4,2,1,3,2,0,2,0,4,3,4,3,0,3,1,1,1,0,4,4,3,2,2,1,4,2,2,1,3,2,1,0,3,1,4,4,0,2,1,0,1,3,3,0,0,3,4,0,2,0,3,1,2,4,1,4,3,0,0,3,0,1,1,2,0,3,2,4,1,4,4,3,2,2,4
28,2,0,2,4,2,1,4,4,3,0,0,3,0,4,3,3,0,2,3,1,0,3,1,2,3,2,2,0,0,4,4,1,3,3,4,4,4,2,4,0,3,4,4,0,0,1,1,4,0,2,3,1,2,1,1,4,4,1,3,1,2,3,2,2,1,1,0,0,2,1,3,2,0,3,1
29,4,0,3,4,4,3,4,4,1,2,2,0,3,3,0,1,0,3,0,3,3,0,3,4,0,2,4,1,1,3,4,2,2,3,1,2,4,0,3,4,3,1,1,2,2,4,2,3,1,1,2,2,0,0,3,0,2,4,2,4,2,2,1,0,1,1,0,0,4,4,1,0,1,3,1
30,1,4,3,1,0,4,0,1,0,4,2,1,1,0,4,4,1,2,0,2,0,1,3,1,3,1,0,2,3,1,4,0,4,3,0,1,4,2,3,1,3,3,3,1,0,1,3,2,3,3,0,1,2,0,4,0,2,2,0,2,4,0,4,3,2,2,2,4,2,3,2,4,4,4,3
31,4,2,0,4,2,0,3,3,0,4,1,1,3,4,1,1,0,4,3,0,0,0,4,4,2,2,4,3,2,4,3,2,3,4,3,4,3,0,1,3,1,3,2,3,1,4,0,0,1,0,3,4,4,0,1,0,1,2,2,4,1,2,1,0,1,2,1,3,3,2,0,2,2,2,1
32,2,0,2,2,1,2,3,1,3,4,1,3,2,1,0,2,1,4,3,3,3,4,2,1,4,4,4,4,1,1,4,2,3,4,3,1,0,0,1,0,4,4,4,0,1,1,3,0,1,3,0,2,1,3,0,4,3,3,4,2,3,2,4,0,1,2,2,0,0,0,0,2,0,3,2
33,0,1,0,1,0,1,0,0,0,4,3,2,0,0,0,4,4,2,3,4,4,3,4,1,2,2,4,4,3,1,3,3,2,3,2,2,0,3,4,2,4,4,2,0,0,1,0,1,0,2,3,4,1,1,2,2,4,4,1,0,1,1,3,3,2,3,1,4,1,2,3,3,2,3,1
34,4,1,3,4,1,4,0,2,0,0,3,0,1,3,0,4,1,3,2,4,1,1,3,1,3,1,3,2,0,2,0,1,3,3,4,4,4,0,3,1,0,1,2,2,4,2,1,3,0,1,3,0,2,2,4,3,2,0,4,0,1,4,2,4,3,0,4,2,3,2,0,4,2,1,2
35,4,1,4,3,1,1,0,1,4,2,0,4,1,3,1,0,4,0,2,3,2,0,1,1,4,3,0,2,2,3,2,2,4,4,3,1,4,0,2,3,2,2,2,4,3,2,0,4,1,0,3,1,0,3,1,0,3,4,0,4,4,3,4,0,2,2,0,3,1,2,3,1,3,1,0
36,2,1,2,4,1,4,1,3,4,1,3,3,2,4,2,2,1,4,0,1,0,2,3,4,0,4,2,4,4,2,1,3,1,0,3,4,0,2,3,0,4,1,4,3,0,4,3,1,1,2,3,0,0,0,3,2,3,2,0,0,3,3,2,1,1,0,1,1,3,2,4,2,0,0,4
37,4,3,0,0,4,4,1,1,3,1,4,0,1,2,3,0,4,2,4,2,4,3,1,2,3,1,3,0,4,1,1,2,2,3,0,0,3,3,1,0,2,1,2,4,4,4,0,0,2,4,0,3,1,1,3,3,2,4,3,0,4,4,0,1,2,2,1,0,3,2,1,0,2,2,3
38,2,1,0,0,4,0,1,2,2,2,3,4,2,0,4,2,2,3,4,3,2,3,2,2,4,0,4,1,1,2,1,4,0,3,3,1,1,4,2,4,1,3,3,1,0,4,0,4,3,1,1,0,0,3,0,3,3,4,2,3,4,2,2,4,3,0,4,1,3,0,0,0,1,1,1
39,2,2,3,4,1,3,2,3,3,1,0,0,1,3,4,2,4,4,1,3,0,3,3,0,0,1,1,3,3,1,3,0,4,2,3,0,2,4,1,2,0,1,4,3,4,2,4,1,4,0,0,2,4,1,2,0,1,4,3,2,0,4,2,1,2,0,2,2,1,0,4,1,0,3,4
40,2,0,3,4,1,0,0,0,2,4,2,3,1,3,2,1,3,0,0,2,4,4,1,4,1,0,2,0,1,0,1,3,4,2,1,4,1,3,0,4,1,2,2,3,1,3,0,3,2,1,4,4,4,3,0,0,4,3,4,2,1,2,0,1,1,2,0,2,4,4,3,2,3,3,3
41,3,1,1,4,4,4,1,3,1,0,1,3,2,3,4,2,4,3,4,2,3,3,2,4,4,2,1,3,2,3,1,0,2,2,1,2,4,1,0,4,0,1,0,0,3,2,0,1,0,2,0,3,2,0,3,2,2,4,4,4,0,1,4,1,0,3,1,4,3,2,0,3,1,0,0
42,0,0,2,2,3,4,2,4,1,2,1,1,0,3,3,2,2,3,4,4,2,3,4,1,1,3,2,3,0,4,0,4,0,4,0,2,3,3,1,1,3,4,2,1,2,0,1,4,0,3,0,2,1,0,1,3,1,2,4,1,2,3,0,3,4,4,2,1,4,0,0,0,4,3,1
43,4,2,1,4,0,3,0,3,3,1,2,1,4,2,0,2,1,2,1,3,4,4,2,2,0,1,4,4,3,2,1,2,0,4,2,1,0,1,1,3,4,0,2,0,0,2,0,3,3,4,4,2,1,2,0,3,1,1,0,4,0,1,0,0,3,4,3,3,3,3,4,1,4,3,2
44,1,2,3,2,0,1,4,0,2,2,1,2,4,2,2,3,4,3,2,0,1,4,3,4,3,3,1,0,4,1,0,0,2,3,4,3,3,4,0,3,3,2,4,1,0,3,0,1,2,1,1,3,0,1,3,0,0,4,0,4,0,4,1,4,2,4,2,4,0,1,1,2,3,2,1
45,2,4,2,4,0,2,4,3,0,3,2,4,1,0,3,2,3,4,2,4,0,1,0,4,4,3,2,1,0,2,0,3,1,3,4,1,4,1,1,0,4,1,2,2,0,1,0,0,1,2,3,4,3,2,3,3,1,1,3,0,2,2,0,4,0,2,3,4,3,1,4,0,3,1,1
46,2,0,3,1,0,4,2,4,0,1,1,4,0,3,1,1,3,0,4,1,4,2,4,1,2,0,0,2,2,4,3,1,4,1,4,1,3,4,2,1,0,0,2,3,4,3,0,1,0,2,2,4,3,0,2,0,4,3,2,4,2,3,1,4,3,2,3,0,3,0,3,3,1,2,1
47,2,3,3,3,4,3,1,2,2,0,2,4,1,0,1,0,0,4,4,4,2,2,3,1,1,1,0,0,0,3,2,1,0,0,4,0,4,0,2,2,2,3,4,2,0,1,4,3,2,1,3,0,2,4,2,3,4,1,3,4,3,1,1,4,4,0,3,2,4,1,1,0,3,3,1
48,2,4,1,2,4,0,0,4,4,1,1,0,0,1,0,3,1,4,3,3,3,2,1,3,3,2,3,2,2,1,4,4,2,4,0,3,3,1,3,3,3,0,0,3,2,1,4,2,2,4,1,3,3,0,0,2,4,1,0,2,0,4,1,4,0,2,1,4,1,2,0,2,0,1,4
49,1,2,4,3,0,3,4,4,0,4,3,3,2,1,4,3,2,2,4,0,1,3,2,0,3,3,3,0,1,0,2,4,4,1,1,3,4,3,4,4,1,2,0,1,0,1,0,0,3,1,2,1,1,1,0,0,2,2,2,3,4,2,0,4,4,1,0,2,2,2,0,4,3,3,1
50,3,0,0,1,1,1,3,2,3,2,4,4,3,0,2,3,0,3,4,4,1,2,2,1,2,2,4,1,4,0,0,3,4,1,0,0,3,1,3,0,3,0,0,0,1,2,3,4,4,1,2,2,4,4,4,3,3,3,2,0,4,2,4,1,1,2,1,0,1,3,1,2,0,2,4
51,1,1,1,3,3,4,3,0,3,2,0,1,0,0,1,1,2,3,4,4,1,0,2,3,3,0,4,1,1,2,2,0,4,2,3,2,3,2,1,3,4,0,4,4,0,2,2,0,1,1,1,3,2,4,0,4,2,4,0,1,3,4,0,3,3,2,1,4,0,2,4,4,0,3,2
52,0,1,4,4,4,2,3,2,0,2,0,2,2,3,3,3,1,3,4,1,2,4,1,0,4,3,4,0,4,0,4,3,1,0,2,2,4,4,1,3,0,3,1,1,0,0,1,3,3,2,2,1,1,4,4,0,3,0,1,3,0,0,2,4,1,2,1,2,3,2,3,0,2,4,1
53,0,4,1,4,1,3,1,0,2,0,1,2,2,0,3,2,4,0,0,3,4,1,2,3,4,0,0,2,0,2,4,3,2,3,1,3,4,2,2,2,1,3,2,1,4,3,0,0,4,3,1,4,0,2,1,4,4,0,4,3,1,4,2,0,1,1,3,2,3,0,3,1,4,1,3
54,2,0,4,2,1,1,1,2,0,3,0,1,1,3,4,2,2,2,3,3,4,2,4,4,3,0,0,1,3,4,0,4,1,1,0,3,0,0,1,2,2,0,0,4,2,3,3,4,1,4,2,4,3,0,3,1,1,3,2,3,2,3,1,4,4,0,0,4,3,2,0,1,1,4,2
55,3,2,4,4,0,2,2,0,1,0,4,0,0,4,0,1,0,2,1,4,2,3,2,0,3,1,3,0,3,0,2,3,1,2,3,1,0,4,4,0,2,2,4,4,3,1,1,1,2,3,2,1,3,1,0,2,4,3,3,0,4,2,4,3,1,4,4,1,0,1,3,1,4,2,3
56,0,1,0,4,3,2,1,0,4,4,3,4,1,1,1,1,1,1,1,4,3,2,2,4,3,3,2,0,1,3,3,0,0,0,2,2,0,1,3,0,4,4,0,0,3,1,2,1,2,3,0,3,0,4,4,2,4,3,2,4,1,3,3,1,4,4,2,2,2,0,2,2,3,4,0
57,4,0,2,4,1,4,4,3,4,4,4,4,0,3,1,1,4,2,2,1,3,3,0,3,2,1,3,4,0,0,4,1,0,0,3,3,0,1,1,0,2,2,0,0,1,3,0,1,2,3,2,2,2,3,1,3,1,2,0,0,1,4,4,2,4,3,4,3,2,1,0,1,3,2,2
58,0,2,3,4,2,0,1,2,4,3,2,2,3,2,3,1,4,3,4,0,2,0,4,2,2,4,0,1,2,3,0,3,0,1,0,1,1,1,4,0,0,3,2,1,1,4,2,4,0,3,1,0,4,4,1,0,3,4,3,1,2,2,1,0,4,3,1,3,4,2,3,0,3,4,1
59,3,2,1,2,4,2,0,1,3,3,1,4,3,3,4,1,1,4,2,0,4,4,3,4,1,1,2,3,2,2,2,3,4,0,4,2,2,0,0,2,3,0,4,0,3,2,1,3,2,1,0,0,3,3,0,0,3,0,1,3,2,1,1,4,1,4,4,4,4,0,1,2,0,0,1
60,2,3,3,4,2,3,1,2,4,3,3,2,3,2,1,0,1,4,2,1,2,2,0,0,3,4,2,0,0,2,0,4,1,2,0,0,4,4,1,1,1,2,3,3,4,4,3,3,0,3,4,0,4,2,0,3,2,1,1,1,1,0,0,0,3,0,1,1,3,4,1,4,4,2,4
61,0,2,3,1,0,1,0,2,1,2,1,2,0,4,3,1,4,0,0,4,3,1,4,2,2,1,3,0,0,3,2,4,3,0,4,4,2,0,4,1,3,3,1,2,2,4,0,3,3,3,1,1,2,3,3,2,4,4,0,3,2,4,4,0,4,0,2,1,0,4,2,1,1,1,3
62,3,1,4,2,1,2,2,4,4,2,3,3,4,0,0,4,0,2,0,1,0,4,2,4,4,1,4,1,3,4,0,1,0,1,0,1,0,1,2,1,1,0,4,2,0,0,2,1,3,3,2,3,2,4,0,4,3,2,1,3,3,4,3,0,0,1,3,2,3,1,2,4,3,3,2
63,1,4,0,0,0,0,4,1,2,2,1,1,0,2,3,3,3,4,3,2,4,2,2,1,1,1,4,4,4,0,4,4,2,1,0,0,1,3,1,3,3,1,4,2,3,1,3,2,1,3,0,4,4,0,2,2,3,0,2,2,1,0,3,4,3,2,3,0,0,0,4,2,3,1,4
64,3,4,0,0,4,3,3,3,2,0,3,4,4,1,4,0,4,1,3,3,1,2,4,2,0,1,2,0,1,0,4,3,3,1,1,1,2,2,0,2,1,1,3,0,1,4,2,0,3,2,2,2,3,0,1,1,3,4,4,3,2,3,2,0,1,4,1,4,0,2,0,4,2,0,4
65,2,4,2,3,3,3,2,0,0,3,2,4,0,1,1,0,3,0,2,3,2,4,1,4,4,2,4,3,2,0,0,1,0,2,0,1,2,3,1,1,2,4,4,4,2,0,1,1,2,3,4,3,3,0,0,0,3,1,4,4,1,3,4,0,1,3,4,3,2,4,1,2,0,1,1
66,3,3,2,1,3,0,1,1,1,4,2,4,4,2,1,1,0,1,4,2,0,0,1,2,2,2,0,3,0,1,2,3,1,0,3,4,2,3,0,0,2,0,3,3,1,4,3,3,4,1,4,0,4,4,2,2,4,0,1,3,2,1,3,4,2,4,2,3,3,4,0,4,0,0,1
67,4,3,0,2,2,1,0,3,4,3,0,0,4,1,2,0,2,2,1,3,1,2,0,3,1,4,2,4,3,3,1,3,2,0,0,2,3,1,2,1,0,1,1,2,4,1,4,0,4,1,4,3,4,0,2,0,0,2,4,3,4,3,4,3,0,3,2,1,1,4,2,4,1,3,0
68,1,3,1,2,3,1,0,3,2,2,0,4,2,0,2,1,4,2,3,1,2,0,0,3,4,4,4,1,3,2,1,4,3,1,1,1,4,1,3,4,2,2,4,2,0,1,0,0,0,2,0,0,3,3,2,3,2,4,3,4,0,3,0,1,4,3,4,4,1,1,0,4,3,2,0
69,4,3,2,4,1,0,1,2,0,3,1,3,3,2,3,4,0,3,1,2,2,2,1,0,0,4,1,4,4,2,2,0,0,1,0,3,1,1,3,2,3,0,4,4,3,2,2,4,0,3,0,0,2,4,3,4,4,0,0,3,1,1,3,1,0,4,2,1,3,1,2,4,4,1,2
70,3,0,3,3,2,3,2,3,1,3,0,2,0,3,1,0,4,0,2,2,4,3,2,1,2,3,1,1,4,1,3,3,2,2,2,1,0,2,4,2,0,3,1,1,4,3,4,0,4,4,4,2,1,0,2,4,1,0,0,4,0,1,4,0,4,0,4,2,1,4,3,1,3,1,0
71,0,4,0,2,0,2,2,0,1,4,4,0,3,2,1,1,1,4,3,1,3,0,3,4,4,2,3,2,1,0,1,3,1,4,2,2,4,4,3,2,3,3,0,3,0,1,0,2,0,2,3,1,2,2,0,4,3,3,0,2,4,4,4,4,1,1,3,1,3,2,0,1,1,0,4
72,3,3,1,0,1,2,3,1,4,2,4,0,0,2,0,4,2,3,1,1,2,0,0,4,3,4,3,3,1,3,4,0,3,3,1,1,1,3,0,2,0,1,2,1,0,4,0,3,2,3,4,4,1,0,1,2,1,2,2,4,2,0,1,2,4,3,4,4,2,3,4,0,0,4,2
73,4,3,1,4,0,1,4,1,4,0,4,0,3,0,4,0,2,4,3,1,3,2,3,0,3,2,2,4,4,4,1,0,2,1,0,2,3,1,4,4,1,2,3,4,2,3,0,4,1,0,1,2,2,0,3,3,2,3,0,1,4,0,3,3,1,1,1,2,3,0,2,2,0,1,2
74,2,4,3,1,0,0,3,3,3,2,4,3,0,0,1,1,4,1,3,2,1,4,2,1,4,0,2,0,0,1,1,4,4,2,2,2,4,3,1,3,3,1,1,3,0,2,1,3,0,1,3,4,2,2,2,3,4,3,0,4,0,3,4,4,2,2,4,1,4,0,0,0,2,1,0
75,4,1,3,3,3,3,1,4,0,1,1,2,4,2,0,3,1,1,1,0,2,3,3,2,4,2,2,4,0,4,0,2,2,1,2,4,2,1,3,4,0,3,0,1,0,1,1,3,0,2,2,0,0,1,0,3,4,3,3,4,4,3,0,4,1,4,0,0,4,1,4,2,2,3,2
76,4,2,3,4,4,0,4,2,4,3,1,2,0,2,0,0,1,4,1,3,0,3,2,1,2,3,4,2,1,3,3,3,3,2,0,4,0,3,0,4,1,3,1,0,2,2,1,4,3,1,3,0,4,0,4,1,1,2,1,0,1,3,3,0,2,4,4,2,4,1,0,0,2,2,1
77,3,0,4,0,2,4,1,1,4,1,4,3,2,3,4,3,2,4,1,2,0,2,0,0,3,2,0,1,3,1,4,3,1,0,4,4,0,2,4,0,2,3,3,0,0,0,2,2,0,4,4,3,1,2,3,3,3,2,2,2,3,1,4,1,1,1,1,0,3,0,4,1,2,4,1
78,3,2,4,3,2,3,2,0,4,4,1,2,3,0,4,0,1,3,3,0,2,1,0,1,4,1,2,4,3,4,3,1,4,0,0,4,2,1,1,0,2,3,4,0,2,3,2,0,2,0,1,3,2,3,3,2,0,2,2,0,4,0,1,3,4,4,3,1,1,1,4,1,4,0,1
79,0,0,3,1,2,4,4,3,1,3,0,2,3,0,3,1,4,3,4,4,0,2,1,0,3,2,1,4,3,3,1,1,4,3,1,4,1,0,0,2,2,1,4,4,4,2,4,2,0,3,2,1,2,2,0,4,3,3,4,0,1,0,1,1,3,3,0,2,0,2,2,4,0,2,1
80,1,4,2,4,2,2,3,1,1,4,0,3,2,0,2,2,3,4,0,0,4,0,1,3,2,0,3,3,4,1,1,4,1,0,2,3,3,2,3,1,3,4,3,2,4,4,1,3,2,1,1,0,0,0,4,4,0,1,2,2,1,0,3,1,4,3,2,0,1,0,4,4,3,2,0
81,2,1,2,0,1,0,3,2,3,0,1,3,0,1,3,2,0,3,4,0,1,3,3,4,2,1,3,1,1,4,0,1,2,4,3,1,0,2,4,0,4,2,3,1,3,0,2,0,2,1,4,3,2,3,4,2,3,4,4,4,4,4,4,0,0,0,2,3,2,0,1,1,4,2,1
82,1,1,3,0,0,4,3,4,4,3,1,2,3,2,1,0,2,4,0,2,1,0,3,1,3,3,0,1,1,0,3,4,3,2,3,4,2,4,4,0,1,0,1,3,2,2,0,2,0,4,0,0,2,3,2,4,1,4,1,3,3,1,2,2,4,2,4,1,0,4,3,1,4,0,2
83,1,2,1,4,2,0,0,1,2,1,1,4,1,4,4,3,1,2,4,3,4,3,1,0,3,3,1,4,4,3,2,3,1,1,2,0,2,1,3,4,0,3,3,2,4,2,2,2,3,0,3,3,0,1,0,2,2,0,0,4,0,0,0,2,4,1,3,0,4,4,0,3,4,1,2
84,1,3,2,4,3,2,0,4,0,1,3,0,3,4,3,2,2,2,2,1,1,1,1,3,2,3,2,4,0,0,1,0,1,4,2,0,4,4,4,4,3,3,3,1,4,2,0,2,3,0,1,1,3,0,2,1,4,2,3,0,1,4,1,4,0,0,4,1,2,4,3,0,3,0,2
85,0,4,0,2,3,3,0,4,4,3,3,2,2,1,4,0,0,4,1,1,4,2,0,0,3,2,1,4,3,1,4,2,0,1,3,2,0,3,1,3,0,2,0,1,4,1,1,4,0,4,4,2,0,1,4,3,2,2,2,2,3,0,3,4,2,1,0,2,3,1,1,4,3,1,3
86,1,0,4,3,4,0,4,0,0,4,3,3,0,1,1,2,4,4,3,4,0,2,1,1,4,3,4,4,1,1,1,3,0,2,3,2,2,3,2,4,0,3,2,4,0,3,2,3,2,2,2,0,1,1,1,3,1,0,1,0,2,3,0,2,3,3,1,1,4,2,0,4,2,4,0
87,0,2,1,0,4,0,4,3,4,4,1,0,1,1,2,3,0,4,0,2,0,0,2,3,0,0,3,1,3,1,1,2,1,2,3,4,3,4,1,4,4,3,4,1,1,3,3,1,3,3,0,2,4,1,2,0,2,2,1,0,4,2,3,0,3,4,3,2,1,2,2,0,4,2,4
88,0,4,2,0,2,0,4,2,4,4,1,3,1,0,3,3,2,3,1,0,0,2,3,2,2,2,3,1,0,1,0,2,0,2,0,3,3,0,4,2,1,3,0,4,0,3,4,4,3,3,4,1,3,0,2,4,2,4,1,0,4,1,3,1,1,1,1,2,1,4,4,1,4,2,3
89,0,1,2,0,1,3,0,3,1,1,0,2,4,1,4,2,3,1,0,2,4,0,4,2,1,4,1,0,4,3,1,1,2,1,4,2,4,1,3,0,3,4,4,3,2,2,3,3,2,3,1,0,0,3,4,2,1,2,0,3,4,3,0,3,2,0,0,2,0,4,3,2,4,1,4
90,2,4,1,0,3,3,0,2,3,1,0,4,0,0,0,3,4,1,1,1,2,2,3,4,0,4,1,1,3,0,4,2,4,0,3,4,1,3,4,3,4,4,3,1,2,3,0,1,4,1,0,0,2,1,3,2,1,3,4,1,2,0,0,4,0,2,4,3,3,2,2,2,1,2,2
91,3,3,2,3,1,0,0,2,2,0,0,4,2,3,2,3,2,3,1,2,1,1,1,1,1,0,2,4,0,4,1,2,4,3,1,3,4,4,1,2,0,1,0,0,0,3,4,4,1,3,0,1,1,4,4,2,0,2,3,3,4,4,3,2,1,2,3,4,0,2,4,3,0,0,4
92,2,4,0,1,2,4,4,1,0,3,4,4,2,1,1,0,1,0,0,0,4,4,1,1,2,3,1,0,4,1,3,4,3,1,1,1,2,0,3,3,3,1,4,3,3,4,0,3,3,4,2,2,3,3,2,2,3,4,0,1,1,0,2,0,2,3,2,0,0,2,2,2,0,4,4
93,3,0,4,4,1,1,1,4,2,1,4,1,2,3,1,3,0,2,1,2,2,1,3,2,1,4,0,4,0,3,2,4,0,0,3,2,3,4,2,0,4,3,4,4,0,4,3,4,3,2,1,1,1,3,3,0,3,2,0,1,1,2,4,0,1,0,0,3,3,2,0,2,0,4,2
94,4,4,0,0,2,3,0,3,2,3,1,4,3,0,1,0,1,1,3,1,3,2,3,3,3,0,2,2,1,2,4,1,4,1,4,0,4,0,4,3,2,1,1,4,2,4,3,2,0,2,2,0,4,4,2,0,1,3,0,0,4,1,1,3,2,4,0,3,2,2,4,0,3,1,1
95,1,4,2,1,4,0,4,4,1,1,4,2,1,4,3,1,0,1,3,1,2,0,0,1,2,4,4,2,2,2,4,0,2,2,1,3,1,4,3,2,0,4,2,3,1,1,2,4,2,3,3,4,2,0,3,0,3,0,3,2,0,0,3,4,3,3,1,0,3,0,3,1,0,0,4
96,4,0,2,1,2,0,2,4,2,1,2,4,3,4,0,2,2,3,0,3,0,4,3,3,1,1,4,3,4,0,3,3,2,2,1,4,0,3,1,3,1,4,0,2,2,4,2,4,0,0,1,3,1,2,2,0,4,1,1,3,0,3,1,1,2,0,4,1,0,1,4,4,0,3,3
97,3,4,1,0,0,2,4,0,0,3,4,2,3,4,2,3,3,1,4,4,1,3,3,4,0,3,4,0,3,3,3,3,2,1,4,2,1,0,4,0,2,0,1,2,2,2,0,1,2,4,1,3,4,2,1,1,0,0,0,2,4,1,2,4,1,0,3,1,2,3,1,1,4,2,0
98,1,0,1,3,4,1,0,2,3,4,0,2,4,1,1,3,2,0,4,1,2,0,4,2,4,0,2,3,0,0,3,1,4,1,1,4,0,0,3,3,2,1,3,1,2,4,0,2,1,0,4,4,2,4,2,0,0,3,3,2,1,0,3,1,2,2,3,4,1,3,3,2,4,4,3
99,4,3,4,1,0,2,4,3,0,1,1,1,3,1,3,3,0,3,1,0,1,2,2,0,4,2,1,3,1,4,0,4,1,2,0,2,0,4,3,3,2,2,1,1,0,4,2,2,3,3,0,4,0,1,3,2,1,3,0,1,4,4,0,2,4,2,3,0,4,2,3,2,0,4,4
100,1,4,3,3,3,3,2,0,0,0,3,2,0,0,1,2,1,2,3,2,2,3,0,0,2,1,0,4,3,0,0,2,3,0,0,4,2,1,2,1,2,4,4,1,4,3,0,4,4,4,1,1,1,3,2,2,3,4,4,3,3,4,4,3,1,1,1,2,1,4,2,0,1,0,4
101,0,4,0,0,0,3,1,1,0,4,4,0,1,4,3,4,2,4,4,2,2,1,2,1,1,3,1,1,2,2,3,0,1,2,2,2,3,2,0,0,0,1,3,4,1,0,2,3,3,0,4,1,1,3,1,3,0,4,4,2,3,3,0,2,3,3,2,2,4,0,1,4,3,4,4
102,2,3,4,4,1,3,3,4,1,1,0,2,4,0,3,3,2,4,3,4,1,4,2,1,2,4,2,4,3,4,3,1,0,0,4,4,1,2,0,0,0,4,1,1,2,1,0,3,1,2,2,2,3,3,0,2,3,0,0,3,1,0,3,0,2,1,4,0,2,2,1,1,0,4,3
103,3,0,1,3,4,3,1,2,4,2,3,0,2,4,4,3,4,0,1,2,0,0,4,3,4,2,1,4,2,4,4,2,3,2,2,4,0,1,2,1,2,1,1,2,2,0,1,3,1,3,3,0,3,3,4,0,3,3,1,0,4,0,1,4,4,1,0,1,0,0,2,0,1,2,3
104,0,4,3,2,0,3,2,2,0,2,0,0,3,0,2,1,1,1,1,0,1,2,4,3,1,1,2,2,2,3,3,4,4,3,3,0,4,3,3,1,4,1,4,1,4,1,1,3,0,0,0,2,0,2,3,4,4,4,2,4,4,2,1,2,2,0,3,3,0,4,3,4,1,1,0
105,4,3,3,1,0,0,1,2,0,0,0,4,2,4,1,1,1,1,2,1,4,4,4,3,1,3,2,4,0,0,1,0,3,1,2,0,4,1,1,4,0,2,3,4,3,4,3,2,3,2,0,3,2,2,3,3,2,4,2,1,0,1,3,4,2,2,3,1,2,3,0,0,4,0,4
106,1,2,3,0,2,0,0,1,4,2,4,3,0,1,2,1,1,4,1,2,3,0,0,2,4,4,4,4,2,1,0,3,2,3,0,3,2,0,1,1,3,3,1,2,1,4,1,4,2,3,2,0,4,3,1,4,0,4,4,0,0,4,2,0,2,3,3,3,0,1,3,4,2,1,3
107,4,0,1,3,0,2,3,4,2,3,3,3,0,0,0,1,3,0,3,2,3,0,1,0,3,1,3,2,2,1,1,3,0,0,4,0,2,3,3,3,3,4,2,4,4,2,2,2,2,2,1,4,2,1,4,4,1,2,0,4,1,4,1,1,1,2,1,1,0,4,0,4,4,0,4
108,3,2,1,3,1,3,2,1,4,0,2,2,4,3,1,4,3,0,1,4,2,4,1,2,4,4,2,1,1,1,0,3,0,2,2,4,3,3,4,3,1,0,0,1,4,0,2,2,3,3,3,0,4,0,3,1,1,2,4,4,3,1,0,3,1,0,0,2,2,0,4,2,0,4,0
109,2,3,0,1,0,2,3,1,3,4,4,3,1,4,4,4,1,1,3,4,2,4,1,1,2,1,2,0,2,3,1,2,4,2,2,0,2,0,1,4,0,1,0,4,0,4,0,3,2,1,2,3,3,4,3,0,0,3,2,3,4,0,3,0,0,3,1,1,3,2,4,2,4,1,0
110,4,4,0,2,2,4,2,3,2,2,4,0,2,2,2,0,1,1,2,0,4,4,1,0,3,0,3,3,3,1,4,4,4,3,0,1,0,1,3,0,3,3,4,3,0,2,4,0,0,1,0,4,3,2,1,1,3,3,2,2,1,4,0,4,1,1,0,1,1,1,2,4,3,3,2
111,1,2,1,1,1,1,0,4,3,2,3,3,4,0,0,2,2,3,0,2,1,1,3,4,4,0,4,4,1,0,2,3,3,0,3,2,0,3,1,3,0,2,1,1,3,4,2,4,4,0,4,4,2,2,1,0,1,0,3,4,3,4,3,3,2,4,2,2,4,0,2,1,1,0,0
112,0,0,3,2,2,1,1,4,1,0,4,3,3,3,1,2,2,1,4,3,4,2,0,3,0,0,4,3,1,0,4,0,3,3,4,4,2,3,2,0,1,0,2,3,3,0,3,3,3,4,1,1,4,1,2,1,1,4,0,4,1,0,4,2,2,2,1,0,1,0,2,4,2,4,2
113,3,2,3,1,2,3,2,4,4,1,2,0,4,0,1,4,4,0,4,0,0,0,1,2,2,1,0,4,0,4,1,0,1,3,0,4,4,4,0,2,0,0,3,1,3,1,0,3,1,1,3,2,3,4,1,1,0,2,2,1,2,3,3,4,3,4,2,3,3,3,4,2,2,1,2
114,4,2,3,3,3,2,2,1,1,1,1,3,3,2,1,0,2,0,0,1,1,4,0,0,4,4,3,3,0,0,4,4,1,0,0,1,4,4,1,3,1,0,2,4,3,2,2,2,1,0,2,2,1,0,4,2,4,3,3,4,1,3,3,3,4,0,2,4,2,0,0,3,1,2,4
115,4,1,1,2,4,3,1,1,2,2,0,0,0,3,3,1,0,2,2,3,0,0,2,1,4,3,3,3,0,0,0,2,4,4,1,4,0,0,2,3,4,4,1,2,4,1,4,1,4,3,3,0,0,2,4,4,1,0,3,1,2,3,4,2,3,2,1,3,4,3,2,0,1,1,2
116,4,4,0,4,2,3,3,1,3,2,4,0,2,3,2,4,4,3,4,0,0,0,2,3,4,1,0,0,3,2,4,4,1,2,3,2,2,2,2,3,0,1,4,1,3,0,1,4,1,3,0,3,1,3,3,4,1,3,2,1,0,0,1,1,2,4,4,0,0,2,1,1,0,2,1
117,4,3,2,1,0,3,0,1,2,4,0,0,0,0,1,0,1,0,3,2,2,3,4,0,4,4,4,3,1,3,1,1,2,3,2,1,2,2,4,2,3,2,3,1,1,1,3,4,3,2,0,0,2,2,0,3,0,4,3,4,1,4,2,1,2,0,3,4,0,4,1,4,4,1,3
118,0,1,4,0,2,2,3,0,2,0,3,4,3,4,2,2,4,3,0,4,3,2,3,1,1,3,0,4,1,2,0,4,4,0,2,4,1,0,4,2,2,2,1,3,3,0,3,1,4,2,3,1,0,1,0,2,2,4,3,2,4,1,3,3,4,1,1,0,1,1,0,4,1,3,0
119,1,2,3,2,3,1,4,1,4,2,3,3,3,2,1,3,1,4,1,0,0,0,0,0,0,4,3,0,2,2,4,3,4,4,3,2,2,0,2,4,1,4,3,0,2,2,0,0,2,1,3,0,1,2,4,1,4,1,0,3,2,0,1,0,3,2,4,4,4,3,1,1,3,4,1
120,2,1,3,0,1,1,0,3,4,1,0,4,4,1,3,2,0,0,3,4,1,1,0,1,2,1,0,1,1,2,0,4,4,2,0,4,4,3,4,2,0,0,0,4,2,2,3,4,4,2,3,0,3,2,1,3,1,4,2,0,4,3,3,3,0,2,3,3,3,1,2,2,2,4,1
121,1,2,2,3,3,4,2,2,1,0,0,4,1,3,1,2,4,3,0,0,2,2,4,0,3,4,1,4,2,0,1,2,0,3,1,2,3,3,0,3,4,3,1,1,0,4,3,0,4,2,3,4,4,0,0,0,1,2,1,3,3,4,2,1,2,3,4,0,4,1,1,1,2,0,4
122,3,4,4,3,3,2,1,4,1,2,3,2,0,3,3,1,4,2,4,1,1,3,1,3,0,4,3,1,4,0,3,0,1,0,0,0,0,2,3,4,2,4,1,3,0,4,1,1,4,0,4,2,1,0,3,2,1,0,2,3,0,2,0,0,1,4,2,3,1,2,2,2,4,2,4
123,2,1,1,2,2,3,1,3,4,2,4,3,4,2,0,2,3,2,4,3,4,0,4,1,2,0,4,1,2,1,3,1,0,2,4,2,0,2,3,0,4,0,4,1,4,1,3,1,0,3,3,0,0,3,3,2,0,1,3,2,4,3,1,1,0,1,0,0,3,4,4,0,1,2,4
124,4,2,1,2,4,3,2,1,0,1,1,4,0,4,1,1,3,3,2,2,2,0,0,2,3,3,0,4,4,0,3,4,3,1,3,0,0,1,2,4,4,0,1,2,3,0,2,1,1,4,1,2,3,2,4,3,2,0,4,4,3,1,0,2,0,3,2,4,3,0,3,0,1,1,4
125,2,1,0,3,4,3,3,4,3,0,2,1,4,0,0,2,3,0,3,2,3,1,1,1,4,4,1,4,3,0,0,2,1,2,4,2,0,2,4,0,1,4,3,1,3,2,2,3,1,4,3,1,4,1,0,2,4,3,4,4,0,0,4,3,1,2,1,1,0,2,0,2,0,2,3
126,3,1,2,2,2,3,3,1,2,1,1,0,4,0,0,4,3,0,2,1,0,2,3,0,0,4,4,0,2,2,1,4,4,0,4,0,1,1,4,1,2,3,1,1,4,4,3,1,3,2,0,3,1,4,0,2,0,2,4,0,1,3,3,1,4,3,3,2,4,0,2,4,3,2,3
127,3,1,3,1,3,2,0,0,0,3,4,2,4,0,2,3,2,2,0,0,4,3,2,1,2,0,4,3,2,4,4,1,1,0,1,1,2,2,4,1,0,3,3,2,3,1,0,2,1,0,4,1,1,0,2,1,3,3,4,1,4,4,2,4,4,0,0,3,3,2,1,0,4,4,3
128,3,1,2,3,1,2,3,2,0,3,3,1,2,2,1,4,4,2,2,3,1,0,2,4,0,4,1,3,4,4,2,1,0,4,2,3,4,1,4,2,1,3,2,4,4,4,1,0,0,1,3,2,2,3,0,0,0,1,3,1,0,4,2,0,4,0,4,1,3,3,0,1,0,0,3
129,0,2,4,2,0,1,2,1,1,0,4,4,0,2,2,0,1,4,1,3,4,1,2,4,4,0,3,1,2,0,3,4,2,3,1,1,2,3,1,3,4,3,3,0,1,3,2,3,2,2,0,0,3,3,4,1,4,4,1,0,3,3,1,1,0,4,0,2,0,0,4,2,3,4,2
130,3,2,4,3,0,2,4,2,0,4,1,4,0,3,3,0,3,1,4,1,4,1,2,4,1,2,2,0,0,4,1,2,4,0,1,3,2,3,1,1,4,0,4,0,3,2,0,2,4,2,2,1,2,3,0,4,1,3,1,3,4,0,0,1,3,2,4,0,0,1,3,3,3,1,2
131,4,4,0,1,3,4,2,3,2,0,1,1,4,1,3,4,4,2,3,3,2,0,3,3,2,0,3,0,1,1,1,3,1,0,0,4,0,2,2,0,2,1,2,2,2,2,4,1,3,3,4,2,0,0,4,1,3,4,1,1,4,4,0,4,0,0,4,1,3,0,2,2,1,3,3
132,2,2,3,3,4,2,2,4,4,3,0,1,1,2,3,1,0,4,2,0,2,1,0,4,0,1,2,3,0,0,4,1,2,0,1,3,1,2,2,1,3,4,4,1,0,3,3,4,0,0,4,1,2,2,0,4,3,0,1,4,2,3,0,2,1,3,3,4,4,1,3,0,4,1,3
133,3,0,1,2,0,2,3,4,0,4,2,1,4,2,0,1,2,3,1,3,1,4,1,3,3,0,1,1,4,4,4,1,2,4,3,2,2,4,0,1,3,2,4,4,1,1,0,3,0,4,2,2,2,3,0,1,2,3,4,0,1,3,2,3,1,0,4,0,4,3,0,2,0,3,0
134,0,1,1,2,0,4,1,4,4,0,2,1,0,1,2,2,3,2,3,3,2,0,3,3,4,3,1,1,0,0,2,4,4,0,2,1,3,1,0,3,3,0,4,0,4,4,3,3,1,1,0,1,2,0,4,2,4,0,1,4,0,1,4,3,2,2,3,2,4,3,1,2,2,3,4
135,4,1,4,3,0,2,3,1,0,3,4,2,1,0,0,2,3,0,2,3,1,1,2,3,2,4,0,3,3,1,1,0,3,3,2,0,1,2,4,4,3,2,1,3,4,2,1,4,4,2,2,3,0,4,1,1,4,3,0,4,0,2,0,0,4,2,0,3,1,1,1,4,2,4,0
136,4,0,2,0,2,1,2,1,4,2,1,4,2,1,1,2,4,2,1,4,1,3,0,4,4,4,0,0,0,3,1,0,2,0,3,3,3,2,2,3,1,3,2,4,3,1,3,0,2,1,0,3,3,1,3,1,1,2,0,0,1,3,4,4,0,2,3,0,4,4,4,0,2,3,4
137,1,3,2,1,3,0,0,4,1,4,4,2,3,1,3,3,4,4,0,4,1,1,2,0,4,3,2,4,0,3,4,1,4,2,3,3,0,2,2,1,1,2,2,2,0,4,1,1,3,0,0,1,3,0,2,4,2,1,0,0,3,0,3,1,4,2,2,4,0,2,0,3,3,1,4
138,3,0,4,1,4,0,1,1,4,2,1,0,3,3,3,0,2,2,4,2,4,1,4,0,1,3,2,4,2,1,2,3,1,3,1,4,0,4,0,3,4,3,3,4,2,2,3,0,1,0,1,4,2,3,4,0,1,1,4,2,2,0,3,0,2,3,1,0,4,1,0,2,3,0,2
139,1,0,0,1,0,0,1,0,3,3,2,3,2,2,0,3,1,3,0,0,1,4,2,4,3,3,1,2,0,1,1,3,4,3,4,2,2,0,4,2,4,4,3,3,4,0,2,2,2,4,4,4,3,0,4,1,3,2,1,0,2,2,4,1,0,2,4,1,1,1,1,4,3,0,3
140,0,2,4,2,4,1,2,3,4,0,0,4,2,2,3,4,1,3,4,4,0,0,3,1,2,1,4,2,4,4,2,3,2,0,3,3,4,3,0,3,4,1,0,3,2,1,4,2,0,3,1,1,2,3,3,1,2,0,3,1,4,2,1,0,0,1,4,1,0,0,1,2,3,0,1
141,3,0,0,3,0,4,0,0,3,4,4,3,1,1,2,2,1,2,0,0,3,3,1,0,3,2,4,2,4,1,3,1,4,1,1,2,4,3,2,1,3,4,1,4,0,3,2,4,0,4,2,1,1,2,4,4,3,3,1,0,2,0,0,0,4,3,3,2,2,0,1,4,2,2,1
142,2,3,3,4,2,3,1,0,0,2,0,0,3,4,4,2,4,1,1,0,0,4,1,3,4,1,4,4,4,3,0,3,0,0,1,2,2,2,2,3,0,1,1,1,2,1,3,2,2,1,1,4,0,1,0,3,0,0,4,3,4,3,3,2,2,0,1,3,4,4,2,2,3,1,4
143,1,4,2,2,1,4,2,4,3,4,1,1,2,4,3,0,2,1,4,3,1,2,1,3,4,1,1,3,0,0,2,4,4,0,1,3,2,4,2,1,2,3,3,2,2,2,0,0,0,4,1,0,3,2,3,4,2,0,0,1,1,1,0,3,4,4,0,3,0,0,3,0,4,3,3
144,2,3,2,2,3,0,4,2,4,3,4,3,2,3,3,0,4,1,3,2,0,1,1,2,2,2,0,3,2,0,0,0,1,3,4,1,0,0,4,0,1,1,2,2,4,1,3,3,0,3,0,0,1,1,2,2,0,3,4,4,1,4,4,4,3,1,4,1,4,1,3,0,2,1,4
145,1,2,4,2,0,4,1,4,4,4,3,3,2,1,4,1,2,1,0,1,0,3,0,0,2,3,4,3,4,1,2,0,2,3,4,2,2,2,3,0,3,2,0,0,1,3,4,0,3,0,1,0,1,0,4,4,1,3,2,3,0,4,1,2,0,2,1,3,1,1,4,4,3,2,3
146,0,2,3,3,3,2,4,0,1,3,2,0,0,4,1,4,1,3,4,4,2,1,1,4,4,2,3,4,1,0,3,0,2,3,1,3,0,1,2,0,1,2,1,1,2,4,4,3,1,3,0,0,0,3,4,0,4,4,2,3,1,1,2,2,3,2,0,3,1,0,0,2,4,4,2
147,3,2,1,0,2,3,3,3,4,4,4,0,3,0,0,3,2,1,4,2,2,0,3,4,3,2,3,4,4,4,2,2,3,2,0,0,0,1,4,1,2,1,3,1,1,0,4,0,1,1,2,1,4,4,1,0,3,0,2,3,1,0,1,1,2,1,0,4,0,3,2,4,3,4,2
148,4,1,1,1,2,3,2,1,0,3,1,1,4,2,3,0,0,2,0,4,3,2,4,0,2,4,3,3,1,0,3,4,0,4,0,3,4,1,2,2,4,0,0,2,0,2,4,1,1,3,4,1,3,1,2,0,4,2,2,3,4,1,1,0,1,0,3,3,4,0,3,3,4,2,2
149,4,3,0,2,0,3,2,2,4,2,0,0,3,1,1,1,4,0,3,4,3,0,4,4,4,1,0,1,2,1,1,1,2,3,4,3,3,4,1,1,0,2,3,3,1,2,1,4,1,0,0,3,4,2,4,1,2,0,0,0,4,2,4,1,3,3,2,3,0,3,0,2,4,2,2
150,0,1,3,1,3,4,4,1,0,1,4,4,2,4,4,3,4,0,2,2,1,2,4,4,1,1,4,2,3,3,1,2,4,3,0,0,1,4,1,3,2,0,0,0,4,2,2,1,2,0,3,0,2,3,1,1,1,0,0,2,0,1,4,3,2,3,3,3,2,0,3,2,3,0,4
151,3,3,2,1,2,4,1,0,4,0,0,1,0,2,1,1,3,4,2,0,4,3,4,0,2,3,4,2,4,4,0,3,3,4,1,0,4,0,2,1,0,2,2,4,1,2,1,4,1,2,2,0,4,3,3,0,3,1,3,3,0,0,0,1,1,4,4,2,1,2,1,3,3,2,3
152,3,2,4,4,1,4,3,2,1,0,1,3,3,1,2,2,1,4,0,4,2,0,3,1,3,4,0,1,4,0,0,2,0,3,0,1,4,3,0,4,0,1,4,1,3,3,3,4,4,4,1,1,1,2,3,2,4,1,3,1,2,2,0,2,3,2,2,2,2,3,0,0,0,0,4
153,2,4,2,3,3,3,0,1,1,3,4,1,4,4,2,1,2,3,1,1,3,2,2,4,3,0,2,0,2,4,0,2,3,4,1,4,2,0,0,2,0,1,0,3,4,3,4,3,1,1,1,2,1,3,4,0,2,3,0,0,2,3,1,2,4,0,4,0,1,0,4,4,1,0,3
154,1,3,4,2,1,4,1,3,4,2,4,4,0,3,0,2,3,4,3,2,3,3,0,3,1,0,0,1,0,0,4,0,1,2,2,1,1,3,4,0,4,3,1,2,3,2,0,2,2,0,1,1,0,3,2,0,4,3,4,3,0,2,1,4,2,1,2,1,4,1,3,4,4,0,2
155,3,1,1,4,3,4,3,4,2,0,1,0,2,4,0,2,1,3,4,1,0,2,2,1,0,1,0,3,4,3,4,1,1,2,2,0,3,3,0,4,2,2,4,0,1,4,0,2,4,2,3,3,2,1,1,0,4,3,4,0,0,1,2,3,4,0,3,1,4,2,3,0,1,3,2
156,1,1,0,2,4,3,2,1,3,0,0,2,0,0,4,2,4,0,3,2,3,4,1,4,0,1,4,2,1,4,2,4,0,2,3,1,4,0,0,4,0,3,1,3,2,3,0,2,3,1,1,2,2,4,4,4,2,1,0,0,1,1,3,0,2,1,4,1,3,3,3,3,4,3,2
157,1,4,4,1,0,0,0,1,1,1,1,2,3,3,2,0,3,3,4,2,4,1,3,2,4,1,2,4,0,0,4,3,1,2,0,3,3,3,2,2,1,0,4,2,1,1,4,2,4,4,0,4,4,3,1,3,0,2,1,2,2,2,0,0,3,3,0,3,1,4,4,2,3,0,0
158,1,0,4,2,2,0,0,1,0,1,0,0,2,3,4,4,4,4,4,3,2,1,1,3,2,0,0,1,1,1,2,0,2,4,2,2,3,1,4,4,3,4,1,3,0,0,3,2,1,1,2,2,3,3,4,4,1,3,3,3,4,2,2,0,3,0,3,3,1,0,4,4,0,1,2
159,4,4,0,4,2,4,2,4,1,1,2,2,4,0,3,0,2,3,4,2,4,3,3,2,4,1,4,1,4,1,0,3,3,0,4,1,1,3,0,3,0,2,0,2,3,3,1,2,2,0,1,3,3,2,0,4,4,1,0,3,3,2,0,1,0,3,1,1,0,1,2,0,2,4,1
160,3,1,1,0,2,0,4,0,1,3,4,2,1,0,3,4,1,1,3,4,4,2,3,1,4,4,0,4,0,3,1,2,2,2,0,1,3,2,0,2,4,1,2,0,4,4,4,1,0,2,3,1,4,2,2,1,3,3,2,0,0,0,1,4,0,3,3,2,0,2,4,3,3,3,1
161,2,4,3,0,3,1,2,4,1,2,1,4,0,2,3,2,3,1,1,0,3,4,2,3,1,0,1,3,0,3,0,2,0,0,0,3,2,3,2,4,4,2,4,2,1,0,1,0,0,0,1,2,1,4,4,0,2,1,3,3,0,4,4,4,3,2,4,3,1,1,2,4,3,1,4
162,3,0,4,3,4,2,2,2,4,1,0,3,2,1,4,0,0,1,0,1,0,2,0,2,0,4,3,4,1,3,1,1,0,3,0,0,1,3,0,4,1,2,3,4,3,2,3,4,1,0,1,2,3,2,2,2,3,0,4,4,4,2,3,4,4,2,3,1,0,1,3,4,2,1,1
163,2,0,1,4,0,1,1,0,0,0,3,1,2,0,2,1,3,2,2,3,0,4,3,4,4,2,4,0,1,4,4,1,2,4,0,4,1,0,1,3,2,3,4,3,2,3,0,2,2,4,3,2,4,4,2,3,0,2,1,1,3,1,3,1,0,3,3,2,3,0,1,4,1,4,0
164,3,4,4,0,0,0,2,3,3,1,3,0,3,3,3,1,0,2,4,1,2,1,1,4,2,2,2,2,4,4,2,3,3,0,1,2,0,0,4,3,1,3,2,4,3,1,1,0,0,2,4,3,4,0,1,3,2,1,0,1,2,1,3,0,1,0,4,4,2,2,1,4,0,4,4
165,0,3,4,2,4,3,4,0,1,3,2,1,2,1,3,0,3,0,3,0,2,4,3,2,2,3,3,0,4,1,1,0,1,4,1,2,4,2,1,2,0,0,1,4,4,4,1,4,1,0,1,2,0,2,2,1,0,1,3,3,2,2,4,3,1,3,0,3,3,0,4,0,4,4,2
166,0,4,2,1,4,3,1,0,4,1,1,2,3,2,4,3,2,1,0,1,2,2,4,1,4,1,0,4,0,3,2,3,0,3,0,3,2,0,3,3,2,3,2,1,3,0,0,0,1,1,2,1,3,2,4,1,4,0,1,3,4,4,4,4,4,2,2,3,0,4,0,1,3,0,2
167,3,4,4,4,0,2,2,3,0,2,1,3,0,2,3,2,3,0,0,0,1,4,4,4,1,1,1,4,1,4,2,3,2,1,4,1,3,3,2,1,1,3,0,2,3,4,3,2,1,4,0,4,2,4,1,3,0,3,1,1,0,2,0,2,3,0,0,4,1,0,0,2,3,2,4
168,4,3,2,2,1,2,3,3,4,3,0,4,2,2,1,4,2,1,2,3,2,1,0,1,0,4,1,1,1,0,0,0,1,2,1,2,2,0,0,0,3,3,1,3,3,0,0,0,2,2,0,2,3,1,4,4,4,3,1,4,4,3,1,4,3,4,0,2,4,1,4,3,3,4,0
169,4,2,1,4,0,1,2,2,3,4,2,3,2,3,1,0,4,3,3,0,0,3,1,4,0,2,2,3,4,1,2,4,1,0,3,3,4,1,3,1,4,1,4,2,0,2,1,2,4,1,0,3,2,4,3,0,4,1,3,3,0,4,0,0,3,2,0,1,1,0,2,1,4,0,2
170,1,2,4,0,0,2,2,2,3,0,4,1,0,4,1,0,3,2,4,4,0,3,1,3,1,0,2,3,4,1,0,1,2,1,1,1,1,4,2,3,3,2,0,1,4,3,0,3,0,3,1,0,0,4,3,3,2,1,4,4,1,3,4,0,4,2,2,2,2,4,3,2,4,0,3
171,4,2,4,2,3,2,0,4,0,4,4,0,4,1,1,0,3,4,2,4,2,1,3,1,0,3,2,3,4,1,4,2,0,1,2,3,3,3,0,3,4,1,4,2,1,0,0,3,2,1,3,0,4,3,2,1,2,0,0,1,2,4,0,1,0,3,2,3,1,4,0,1,2,3,1
172,3,4,3,1,3,2,4,1,4,3,0,0,4,2,3,2,0,0,2,0,3,3,2,1,0,4,3,4,0,4,4,4,1,3,1,2,1,2,3,1,2,2,1,2,1,0,1,4,2,1,3,3,0,4,0,4,3,0,4,4,0,2,4,0,1,2,0,2,1,2,1,0,1,3,3
173,0,0,1,2,2,4,1,0,2,0,4,1,3,3,3,3,2,4,2,4,4,2,3,0,1,0,2,3,2,3,0,4,0,3,4,1,3,1,0,2,0,4,2,4,3,1,1,4,2,0,0,1,2,0,0,2,1,3,1,3,2,3,1,4,3,4,0,1,4,4,2,3,4,1,1
174,4,2,3,1,4,2,2,0,1,2,0,4,2,2,3,2,1,4,0,3,1,0,3,4,1,1,4,2,1,0,2,4,1,2,2,2,3,4,4,0,3,4,1,0,4,0,0,4,3,0,3,3,0,2,0,1,0,0,3,3,3,3,3,1,1,1,1,0,4,3,4,2,2,1,4
175,2,4,3,3,4,1,1,1,4,0,1,4,4,4,2,2,0,0,2,1,2,1,2,4,2,1,3,1,0,1,1,3,1,2,0,0,1,3,0,3,4,4,0,1,4,2,0,2,0,3,2,1,4,3,3,0,2,0,0,2,3,4,2,4,2,4,4,3,3,3,3,1,3,0,0
176,2,1,3,0,1,0,4,3,2,1,4,3,2,3,4,0,4,3,4,1,0,0,2,1,0,0,4,0,3,2,2,0,4,2,1,4,2,3,1,0,3,1,1,0,3,0,4,3,1,3,2,2,4,3,3,4,2,3,2,2,3,0,2,0,4,1,4,2,0,1,1,1,1,4,4
177,3,3,0,2,4,4,4,3,2,0,2,3,2,0,0,2,4,3,0,2,4,3,4,4,1,2,1,0,2,4,1,4,3,0,1,1,0,3,2,2,2,0,1,3,1,1,0,1,3,3,1,3,1,1,0,3,2,2,0,4,4,3,4,0,1,2,3,4,1,0,0,1,2,4,4
178,0,0,2,3,4,4,2,0,2,4,1,2,0,1,4,1,1,2,1,2,3,2,4,4,2,0,1,4,3,4,3,4,3,3,3,2,1,2,2,4,3,4,3,1,1,0,2,2,0,1,0,0,0,3,1,0,3,3,3,2,2,1,1,1,4,0,0,4,4,0,1,3,3,0,4
179,3,0,2,4,3,0,3,2,0,3,4,3,2,0,2,3,4,0,0,4,1,4,3,1,1,2,0,3,2,3,3,1,1,4,4,0,4,3,0,2,1,1,1,0,1,1,2,2,1,4,0,3,0,4,3,1,3,2,4,0,1,0,2,2,1,2,0,4,4,4,3,2,2,4,1
180,4,1,1,3,2,0,2,2,3,4,3,1,4,2,0,0,2,1,3,2,1,2,2,1,0,4,3,1,1,2,4,2,2,3,2,3,3,4,0,1,4,4,0,0,1,1,3,2,4,1,4,4,0,0,3,0,4,1,0,3,2,4,2,3,1,3,0,3,1,0,4,3,0,0,4
181,2,3,1,1,3,4,0,0,1,0,1,4,1,3,4,4,3,0,2,1,3,4,1,2,2,0,2,4,1,0,3,2,2,3,3,4,3,1,2,4,3,4,1,0,4,3,3,3,4,2,0,1,3,0,0,0,4,2,1,0,2,2,2,4,4,3,2,2,1,0,4,0,1,1,0
182,3,2,3,3,0,1,2,1,2,0,4,1,4,3,1,0,3,2,3,4,3,2,3,0,2,1,4,0,0,4,0,3,1,0,0,2,1,2,4,2,3,0,4,3,1,3,0,3,4,1,0,4,0,2,4,1,1,4,0,1,2,2,3,1,4,0,4,3,2,1,2,2,1,4,4
183,0,3,4,3,1,1,3,0,1,2,1,1,1,1,2,3,4,1,0,2,3,4,2,3,0,3,3,2,2,0,0,0,3,1,0,2,0,2,1,4,4,4,2,4,0,4,0,1,2,0,1,4,1,4,1,4,3,2,2,1,4,3,4,2,0,0,2,2,3,4,4,3,3,3,0
184,3,3,2,4,3,2,2,2,4,2,4,3,1,0,2,2,4,3,0,2,3,1,1,1,4,4,2,0,4,2,4,1,4,3,0,1,0,1,1,2,2,2,1,0,0,0,1,4,2,4,3,0,1,4,1,0,2,1,4,0,3,1,3,1,0,3,3,0,3,4,3,0,0,3,4
185,4,1,1,2,4,2,3,0,3,0,2,2,2,1,1,3,1,4,0,2,3,1,4,4,2,0,3,4,2,2,3,0,0,4,2,0,1,1,3,1,1,2,1,4,4,3,0,4,2,4,2,0,4,0,0,3,3,3,1,0,0,4,1,3,2,1,1,3,4,2,3,3,4,0,0
186,3,4,1,3,2,0,0,3,4,1,3,3,2,0,4,1,3,4,2,1,1,1,0,0,0,3,0,4,4,4,2,0,2,3,0,3,0,0,2,0,4,0,2,1,2,4,0,2,1,1,2,4,2,2,4,0,3,2,3,1,4,1,2,3,1,4,1,3,3,4,2,1,1,3,4
187,1,2,4,1,2,2,0,3,3,2,4,2,1,3,2,1,4,4,2,3,2,0,0,2,1,0,0,3,3,1,3,2,1,2,4,2,4,0,0,1,1,1,3,0,0,1,4,3,4,2,3,4,0,3,0,1,4,2,4,4,1,1,4,4,3,1,3,0,0,2,0,0,3,3,4
188,2,1,4,0,1,2,2,0,3,0,1,3,0,1,1,4,2,0,2,4,3,4,4,2,3,4,3,0,2,0,0,4,4,0,4,3,2,1,1,1,2,1,3,0,0,2,0,4,2,4,0,4,1,3,4,2,3,1,3,0,1,1,2,2,1,1,3,3,3,0,3,3,4,2,4
189,1,4,4,4,1,4,2,3,4,1,2,0,3,0,2,0,0,0,2,3,1,1,0,2,3,1,3,2,4,1,3,0,3,1,2,4,3,1,2,0,3,4,3,3,2,4,2,3,4,3,3,4,4,2,3,0,1,2,1,1,4,0,0,0,4,1,2,2,4,1,0,0,2,0,1
190,2,3,1,0,4,1,2,2,1,0,0,0,1,3,4,2,3,2,2,4,2,1,4,1,3,0,0,4,3,2,1,2,1,1,0,3,4,0,2,4,3,3,2,0,1,2,4,3,4,4,4,3,2,0,0,1,0,4,4,4,2,3,1,3,3,0,3,1,1,0,1,0,4,2,3
191,2,0,3,3,0,4,4,2,4,4,2,0,1,2,0,2,4,3,4,1,1,1,4,3,1,1,4,2,2,0,4,3,3,1,2,4,0,4,0,1,2,0,0,1,0,1,2,3,3,2,0,0,2,4,1,1,3,3,3,4,3,3,4,0,0,0,3,1,1,1,2,3,4,2,2
192,4,0,4,4,3,2,2,4,0,1,1,0,2,4,2,2,2,2,3,1,0,1,4,3,2,1,0,4,0,3,1,2,4,1,2,4,4,1,3,1,4,2,0,2,4,4,3,0,1,0,0,0,2,4,1,1,0,3,3,1,2,3,2,3,3,0,1,3,0,3,3,3,1,0,4
193,2,4,2,2,2,3,2,2,1,3,4,4,3,1,0,4,1,3,0,1,0,1,1,4,3,0,0,3,2,2,3,4,3,3,3,1,2,3,2,0,4,1,0,4,2,2,0,0,2,0,4,4,0,4,2,1,4,1,3,1,3,4,3,0,1,4,3,0,1,0,1,0,4,1,2
194,2,4,0,4,1,1,1,2,0,3,1,1,1,1,3,4,2,2,3,0,1,1,2,1,0,3,3,3,4,3,4,4,1,0,3,1,2,4,2,0,2,2,3,4,2,3,3,2,2,4,0,4,0,4,0,0,0,4,3,2,1,2,0,1,4,2,0,4,4,3,0,0,1,3,3
195,0,4,4,2,4,3,3,4,1,3,2,3,4,3,1,1,0,4,4,4,0,1,1,4,4,2,4,0,1,1,3,2,0,3,0,3,1,1,2,3,2,2,1,2,2,1,4,3,0,2,1,0,3,3,4,2,0,0,2,2,0,3,4,3,2,4,1,1,0,0,3,0,2,1,0
196,3,0,0,2,1,3,0,1,3,0,3,2,1,3,3,4,2,4,2,3,1,1,2,2,4,0,0,4,2,4,1,4,3,0,2,4,0,2,2,1,1,0,3,0,0,2,0,3,3,4,4,0,1,4,2,1,1,0,2,2,1,3,1,4,4,3,1,3,1,2,4,4,0,4,3
197,3,3,2,1,4,1,3,0,0,2,2,1,4,1,3,4,3,0,2,0,0,2,2,4,1,1,4,3,2,4,0,1,2,0,0,0,0,4,1,3,3,4,2,1,4,4,4,2,1,0,3,3,2,4,4,1,3,4,3,1,3,1,3,2,2,3,1,1,4,0,2,0,0,0,2
198,4,2,3,3,1,1,1,1,2,0,0,1,2,3,1,3,3,0,3,0,1,1,4,2,2,4,0,3,3,1,3,4,3,2,0,3,0,0,1,3,4,3,0,4,4,0,2,1,4,2,1,0,2,3,4,1,4,3,0,1,4,4,4,0,2,2,1,2,4,4,2,0,2,0,2
199,2,1,2,3,4,1,2,4,3,1,3,3,0,3,4,0,0,2,0,2,0,4,1,3,3,0,4,4,2,2,1,0,1,2,2,1,1,2,0,1,3,1,1,0,4,0,3,1,1,1,0,4,2,3,4,1,3,2,2,0,4,2,4,3,4,0,0,3,2,4,4,0,4,3,3
200,1,2,4,1,2,4,0,4,1,1,3,3,0,3,4,0,2,0,4,4,0,1,1,4,3,3,0,1,2,2,0,3,0,3,2,0,2,4,4,0,1,2,1,2,0,3,2,4,3,1,2,4,2,0,2,3,1,3,4,0,4,3,1,2,1,1,3,4,1,3,0,4,3,0,2
201,1,4,2,0,3,3,1,3,1,2,3,2,2,4,4,3,1,1,0,4,1,3,3,4,3,1,2,3,1,1,4,0,4,2,4,3,4,2,2,2,4,4,2,0,2,0,3,3,2,1,0,4,1,2,3,0,2,0,0,0,3,0,4,0,1,4,4,1,1,3,0,0,1,2,0
202,2,2,4,1,4,1,1,4,2,3,1,3,3,3,4,4,4,1,2,0,0,0,0,4,0,0,1,2,2,3,2,0,4,1,3,1,3,0,3,4,4,0,3,2,1,1,2,2,2,0,0,1,3,0,4,4,4,0,2,4,1,2,3,1,4,1,2,3,1,0,3,2,3,0,3
203,1,2,4,2,4,4,4,3,0,1,1,0,4,2,0,1,0,0,0,1,3,1,1,2,4,2,4,3,4,2,0,1,4,4,3,0,0,3,1,3,3,4,3,1,0,0,2,0,1,2,2,3,1,3,2,4,1,2,4,2,3,3,3,0,1,2,0,1,2,3,2,3,0,4,4
204,1,4,2,3,4,2,4,2,3,2,0,0,2,3,4,0,4,3,1,3,3,0,0,2,3,0,1,1,1,1,2,2,4,2,1,1,0,1,3,0,4,3,4,2,3,2,2,1,2,2,1,1,0,4,0,3,4,4,0,0,3,1,3,0,1,4,1,3,4,4,0,2,3,0,4
205,4,4,3,1,0,0,3,1,3,3,4,1,2,2,4,4,0,4,0,4,2,1,4,4,2,1,1,1,1,3,0,2,2,2,1,0,3,0,3,2,2,1,3,4,1,0,3,3,1,2,4,0,0,2,4,0,3,3,0,0,1,2,1,0,0,2,2,3,4,1,4,3,4,3,2
206,3,4,3,0,3,3,4,3,4,3,4,3,4,1,4,2,4,2,0,1,0,4,1,0,1,3,4,4,4,3,0,2,0,1,3,1,0,0,4,3,2,1,1,2,2,2,2,2,0,2,1,0,1,2,2,3,2,0,0,0,1,1,0,1,4,3,0,1,1,3,4,3,2,4,2
207,2,3,3,2,0,4,0,3,4,3,0,0,1,0,4,4,0,1,0,2,1,0,1,0,1,1,1,0,1,3,3,0,2,4,1,4,2,3,3,1,4,4,3,3,2,2,3,0,2,3,0,2,4,4,2,4,1,1,0,2,2,1,3,2,3,2,2,4,1,4,4,4,0,3,1
208,3,0,4,0,2,3,1,1,3,0,3,1,2,4,3,4,0,4,3,1,0,3,2,0,1,0,2,1,2,4,2,3,2,0,0,4,0,1,3,2,3,3,0,1,4,4,0,1,1,1,1,0,4,3,4,4,3,2,3,1,4,4,2,0,2,1,2,4,4,0,2,3,1,2,2
209,4,2,2,4,1,4,4,2,4,0,3,1,1,1,3,0,2,1,3,4,1,4,0,3,2,3,1,3,4,0,3,2,3,3,2,3,2,0,3,2,3,4,2,0,1,3,3,4,4,4,0,4,1,2,1,2,4,0,0,2,0,2,1,1,3,0,0,1,0,0,1,1,0,4,2
210,4,4,1,3,4,1,3,4,2,4,0,0,2,4,3,0,4,3,4,1,1,4,3,1,0,3,2,0,2,0,0,2,4,0,1,2,4,4,4,2,0,3,1,3,3,0,0,4,2,1,2,1,3,2,3,2,0,1,2,2,1,2,0,1,1,0,3,4,3,3,1,3,2,1,0
211,2,1,2,1,1,2,0,4,0,1,2,3,0,1,0,3,4,2,3,4,3,1,4,2,4,3,2,0,0,4,0,0,2,4,2,1,3,3,3,2,1,2,1,4,0,3,2,4,3,3,2,1,1,1,4,3,0,4,1,0,1,2,4,4,4,0,3,0,3,0,1,2,4,3,0
212,3,1,4,3,0,2,0,2,1,3,0,3,2,1,0,0,2,1,3,1,0,1,4,4,4,2,1,2,2,1,1,1,3,0,4,4,0,3,0,0,2,1,4,2,4,2,0,4,4,0,2,4,1,3,3,2,2,0,0,1,3,3,1,3,1,4,2,2,4,4,3,4,3,0,3
213,2,0,3,0,1,0,1,4,3,0,1,2,2,0,0,1,3,2,0,1,1,2,2,4,3,1,2,0,4,2,3,3,0,1,1,0,4,2,2,0,3,4,0,4,3,4,4,3,0,1,3,2,1,3,2,0,3,1,2,2,4,3,0,4,3,1,3,4,2,1,4,1,4,4,4
214,2,1,2,2,1,3,1,4,2,0,3,4,2,4,2,0,4,0,1,3,4,4,4,0,0,3,1,0,2,1,0,1,0,3,4,1,0,1,4,1,1,2,2,3,0,1,3,4,2,3,2,3,3,4,3,0,2,1,4,0,2,4,3,0,4,3,2,3,1,4,0,0,2,1,3
215,0,4,4,3,2,1,2,1,4,4,0,1,2,3,3,1,3,3,0,1,4,2,1,0,1,3,4,2,2,2,0,0,0,2,3,0,0,4,4,0,1,3,4,0,1,2,1,0,0,2,4,3,2,3,2,4,0,3,2,1,1,4,2,0,4,4,2,3,1,3,4,1,1,3,3
216,4,0,0,4,4,1,4,0,1,0,3,1,2,0,0,0,1,1,4,2,3,4,1,4,2,4,2,1,3,2,3,3,0,0,3,0,2,0,3,0,1,2,4,4,3,0,1,2,2,0,2,3,2,1,3,1,1,2,4,0,4,4,4,3,2,4,3,3,1,1,3,2,3,1,2
217,4,0,2,3,2,3,2,3,1,2,2,4,3,0,1,2,0,2,3,1,0,3,2,4,1,3,2,1,3,4,4,0,4,1,2,4,3,1,1,4,2,4,4,1,0,1,3,3,3,0,4,4,0,1,3,0,0,4,2,4,2,0,1,0,2,0,0,1,2,1,4,3,3,0,1
218,1,4,4,1,4,1,0,1,3,1,4,2,2,2,1,2,0,2,4,0,3,1,0,0,1,4,2,0,1,3,2,4,0,1,0,4,1,2,3,4,0,3,2,2,3,3,2,4,1,3,4,3,0,4,4,3,2,0,3,3,2,0,1,1,2,2,3,0,4,0,0,1,3,4,3
219,3,2,4,0,1,3,4,0,4,4,0,1,3,4,0,1,1,3,2,0,2,3,1,1,1,0,3,2,0,0,3,2,2,3,4,4,2,3,4,2,0,2,1,4,4,0,0,4,4,4,1,1,1,3,2,0,3,0,1,1,3,4,3,2,0,4,2,1,0,3,2,2,2,1,3
220,3,2,3,1,4,1,2,3,2,1,3,1,2,2,0,4,3,4,1,4,0,4,0,0,1,1,2,1,0,0,0,2,3,0,2,4,3,4,2,4,0,2,1,1,4,3,1,3,1,3,0,4,1,3,0,4,2,2,2,2,4,0,3,3,1,4,0,4,2,3,0,3,1,0,4
221,3,0,3,1,2,4,2,4,1,2,4,0,0,1,0,3,3,0,2,0,4,2,0,2,1,3,3,2,3,4,1,3,1,0,2,4,0,2,1,0,4,2,2,1,1,0,0,3,4,4,3,4,4,3,4,3,1,1,2,0,2,3,2,1,1,0,1,2,3,3,1,0,4,4,4
222,2,4,4,1,3,0,4,0,1,0,3,4,0,3,2,3,4,1,1,1,1,3,1,0,2,3,1,2,1,0,3,0,2,2,3,3,0,4,3,4,1,2,1,3,0,2,2,1,1,2,2,3,0,3,4,4,0,3,4,4,3,2,4,1,0,2,4,4,2,0,4,1,0,0,2
223,4,2,4,1,0,4,3,4,4,0,1,4,3,3,2,2,2,4,4,1,4,3,0,2,3,1,4,3,4,3,2,3,3,1,2,0,0,0,1,2,0,2,1,1,1,3,2,2,4,0,3,4,1,4,2,1,4,2,3,0,3,0,2,0,3,0,1,0,1,0,2,3,1,1,0
224,0,3,2,0,2,3,1,3,1,2,1,0,2,3,4,4,1,3,1,0,0,3,3,4,0,4,0,0,3,1,0,4,1,1,1,1,2,0,2,2,2,3,2,4,2,2,4,4,3,0,4,0,4,2,0,3,3,4,1,1,3,1,0,2,1,3,4,2,4,2,0,4,1,4,3
225,3,4,2,2,3,0,4,0,4,4,2,0,0,1,4,2,3,2,2,1,3,0,2,2,4,4,0,1,0,2,1,4,1,1,0,1,3,3,2,4,1,3,4,3,3,1,1,2,4,3,3,0,2,3,4,0,1,2,0,0,4,4,2,1,0,0,3,0,3,4,3,1,1,1,2
226,3,4,1,3,3,1,2,3,4,0,4,4,4,3,4,0,2,3,4,3,2,2,2,0,0,3,0,2,0,3,2,4,0,1,0,2,1,2,0,1,0,0,3,1,1,4,2,2,3,0,1,2,0,1,3,4,2,1,1,2,2,4,4,3,1,1,4,4,1,3,0,0,4,1,3
227,4,2,3,2,2,1,1,2,4,3,2,3,3,1,3,4,3,0,2,4,1,0,1,2,0,2,1,2,1,1,1,4,4,4,4,0,0,1,0,0,4,1,3,0,3,3,3,0,3,4,2,2,3,1,4,2,0,3,0,0,1,1,3,4,3,1,4,0,0,0,2,2,4,2,4
228,3,3,1,0,2,3,4,2,0,0,0,2,1,4,2,1,0,3,1,1,3,4,1,4,0,3,1,4,0,4,0,0,2,0,3,2,4,2,3,2,1,2,2,3,3,4,1,0,0,0,2,4,3,4,4,1,3,3,1,1,3,2,4,3,2,0,2,1,0,4,1,4,4,1,2
229,0,1,2,2,4,3,2,3,1,0,4,2,2,4,2,4,3,1,1,0,2,0,1,0,0,4,0,4,3,4,0,4,1,3,4,4,3,0,3,1,0,0,0,1,4,3,2,4,1,1,1,2,3,2,0,0,3,3,2,3,0,1,1,4,2,4,2,3,1,4,2,2,1,3,3
230,0,2,0,4,2,4,0,2,3,4,3,3,0,1,1,2,4,2,3,2,2,2,4,4,2,1,4,0,1,0,3,1,1,4,1,2,3,3,2,0,3,4,0,0,1,2,4,0,2,1,1,4,0,4,3,3,2,1,3,4,3,3,0,0,0,1,1,1,0,2,1,4,3,3,4
231,3,3,1,3,2,3,3,0,2,0,1,3,1,0,4,0,1,0,4,2,1,4,3,4,3,2,3,4,3,0,3,0,1,2,2,0,1,2,4,4,2,0,4,2,2,1,0,2,4,1,1,1,0,3,4,1,3,1,4,3,4,3,0,2,0,4,0,1,1,4,0,2,2,2,4
232,4,2,4,2,0,4,0,1,1,0,3,3,3,2,4,3,2,2,1,4,4,1,1,4,3,1,0,4,3,3,3,0,2,0,2,2,1,0,3,2,2,1,0,0,4,2,0,1,0,2,1,3,3,4,1,3,2,4,0,3,0,4,4,2,0,2,3,0,1,1,1,1,3,4,4
233,2,3,4,2,3,4,4,3,1,0,2,3,4,3,1,2,2,4,1,2,0,3,4,2,1,0,1,0,4,2,0,3,3,3,3,1,1,1,1,3,4,4,1,0,4,1,2,0,4,2,1,1,0,2,0,0,4,1,1,3,4,0,2,4,0,4,3,0,2,0,3,0,3,2,2
234,3,4,3,3,0,3,2,0,0,1,3,2,1,4,0,4,0,1,0,0,2,3,1,2,4,1,0,0,1,3,3,2,4,1,3,4,3,2,1,2,3,1,4,2,0,2,0,1,1,2,4,1,1,4,2,0,3,4,3,1,4,4,1,2,2,2,2,0,0,0,3,4,3,4,4
235,0,0,4,3,3,2,2,2,3,0,2,1,1,4,2,0,0,2,2,3,3,0,4,1,3,0,4,3,0,1,1,2,0,2,2,3,2,2,1,0,3,0,1,0,4,4,3,3,1,0,4,4,1,1,3,1,1,1,0,3,4,3,4,4,4,2,3,1,4,4,2,1,4,2,0
236,1,4,3,3,0,0,3,1,3,2,4,1,2,1,3,0,4,1,0,4,3,2,4,2,0,2,3,4,4,1,4,4,4,2,3,0,2,0,0,4,2,1,2,0,2,0,2,1,0,4,1,1,2,1,3,3,1,1,1,4,2,0,0,2,0,3,3,4,2,3,1,3,3,4,0
237,0,2,4,1,2,0,2,1,0,1,0,3,1,0,1,4,4,1,4,3,3,1,4,4,1,2,0,2,0,2,3,0,4,2,4,3,4,4,2,2,1,3,0,2,3,1,2,4,2,3,0,3,3,1,4,4,0,2,0,3,3,3,4,4,1,1,0,0,2,0,1,3,1,3,2
238,0,3,4,4,0,2,1,3,1,0,0,3,1,3,0,4,4,0,1,2,0,4,1,0,3,2,4,2,0,3,1,0,0,4,4,3,1,0,4,1,1,1,3,4,2,1,2,1,4,2,2,3,4,4,2,4,3,2,3,4,0,2,0,3,2,1,3,3,1,2,0,2,2,1,3
239,2,1,4,0,3,0,1,0,1,4,4,3,0,4,2,2,3,3,2,2,2,3,0,2,4,4,1,0,3,0,4,0,4,0,4,1,2,3,2,0,3,3,1,0,4,3,0,2,3,1,4,0,4,4,2,3,1,1,2,2,1,4,3,1,0,1,4,0,3,1,1,2,3,2,1
240,4,4,0,1,1,1,4,0,2,0,4,3,4,1,4,4,1,2,2,3,2,4,3,0,2,3,4,0,1,3,0,2,0,3,1,3,1,2,4,0,2,3,2,2,4,1,0,1,4,1,2,0,3,3,0,0,1,4,3,3,2,3,1,2,2,3,0,1,1,4,0,0,4,2,3
241,0,0,0,0,1,0,4,0,4,1,1,2,2,2,3,2,1,4,0,2,0,0,4,4,4,4,0,3,4,0,4,0,4,2,1,2,0,1,3,3,1,1,3,3,1,4,4,2,3,2,3,0,1,1,3,2,0,4,3,4,3,2,1,4,2,1,1,3,2,3,2,3,3,2,1
242,0,3,1,0,3,0,2,1,0,4,1,1,3,3,3,4,4,4,2,1,0,3,2,2,4,4,1,2,3,0,4,0,2,3,3,3,2,4,1,2,1,0,2,3,2,3,3,3,2,1,1,1,0,2,4,3,4,2,4,0,1,4,2,0,1,0,1,4,1,4,0,0,4,0,2
243,1,3,1,3,4,1,1,2,4,3,0,1,2,0,3,2,3,3,4,4,0,1,2,3,4,2,1,4,0,1,1,2,3,1,4,0,0,4,3,1,0,0,3,2,4,0,2,1,1,0,2,3,0,4,3,0,1,4,0,4,2,2,3,3,2,3,0,0,4,2,2,2,1,4,4
244,2,1,2,2,3,0,0,3,3,1,3,1,1,2,4,1,0,1,3,0,1,0,3,2,4,4,4,4,0,3,3,1,0,4,0,2,1,1,1,3,4,4,2,3,1,3,2,0,4,2,4,4,2,1,2,3,1,3,2,4,4,0,4,0,0,1,4,2,0,3,3,0,0,2,2
245,1,3,3,1,2,4,3,2,4,0,3,1,2,4,1,1,4,3,1,0,1,0,4,4,0,0,0,1,1,3,2,4,2,1,2,3,0,3,0,2,3,4,2,3,1,0,3,0,2,0,0,3,0,2,0,3,3,2,2,2,1,4,4,0,4,4,3,1,1,2,4,1,2,4,4
246,1,0,4,4,0,2,3,0,1,1,2,3,3,3,2,2,2,1,1,2,1,4,0,0,4,0,1,0,4,2,4,3,0,1,3,0,3,2,0,2,2,4,3,2,0,4,1,2,0,4,3,1,2,1,3,1,0,4,1,3,4,0,3,3,4,1,1,4,0,3,4,2,2,3,4
247,0,3,3,1,2,2,4,1,1,0,0,1,4,4,1,4,1,1,2,3,0,3,2,1,1,2,1,3,4,1,3,1,4,1,0,0,2,3,4,2,0,2,3,4,4,0,1,4,2,4,0,4,3,3,2,3,0,3,3,0,4,4,4,1,2,0,2,0,2,0,2,3,3,2,0
248,0,4,0,4,3,3,1,3,2,4,0,4,2,0,3,1,2,0,1,4,2,3,2,1,0,4,1,4,1,1,2,1,0,4,3,2,3,3,3,1,2,1,2,3,1,0,0,1,4,4,4,3,0,2,3,3,3,1,4,2,0,0,2,2,4,4,1,0,2,2,3,0,1,0,4
249,0,1,1,0,3,3,1,1,3,2,2,3,1,0,1,0,4,4,0,0,1,4,3,4,4,4,2,2,1,0,3,0,0,2,0,0,2,1,2,0,3,3,4,3,2,4,1,4,3,0,0,1,4,1,3,2,2,4,4,2,1,0,3,3,1,2,4,3,2,3,4,4,2,1,2
250,0,0,0,4,3,4,4,0,0,1,2,4,3,1,4,4,2,0,3,4,0,1,1,3,1,4,2,4,4,4,1,0,2,4,0,3,1,3,0,1,1,3,2,0,3,4,1,2,3,4,3,3,2,2,0,2,2,1,2,3,1,3,2,0,3,0,0,3,2,1,1,2,2,1,4
251,1,4,1,4,3,2,4,2,1,3,4,4,2,2,4,2,3,2,1,3,2,3,2,0,3,1,4,2,1,3,0,3,3,1,1,3,0,2,4,0,3,4,3,2,0,1,3,0,1,1,1,1,4,1,3,4,0,0,0,3,0,4,2,1,4,4,2,2,0,0,0,0,2,0,4
252,3,3,4,4,0,1,2,1,3,4,1,3,2,0,3,0,3,4,4,0,2,4,2,3,0,4,0,3,4,4,3,1,2,3,0,4,4,3,1,1,2,1,4,1,2,1,2,0,0,1,3,1,0,2,3,0,0,4,0,3,2,0,2,2,2,1,2,3,1,1,1,2,4,0,4
253,2,3,0,3,3,3,1,3,4,4,1,3,3,2,2,0,4,3,0,1,4,2,2,2,1,4,0,2,2,4,3,1,1,4,0,3,2,4,4,3,3,4,2,1,4,0,3,4,4,0,1,1,2,1,0,1,3,0,2,3,0,1,0,2,2,2,4,0,0,0,1,1,1,0,4
254,1,0,4,0,1,3,0,0,4,4,1,0,1,3,2,2,0,3,4,1,0,1,0,1,2,4,2,4,2,1,3,0,0,2,4,0,4,2,3,2,3,4,3,4,0,4,1,2,4,2,2,2,4,3,4,1,1,3,2,4,3,0,3,3,3,1,2,1,0,1,2,3,3,1,0
255,4,2,3,3,0,4,1,4,4,0,0,0,4,4,2,2,2,3,0,3,4,1,2,1,4,0,2,1,3,4,2,3,2,1,4,4,2,0,0,1,3,3,0,1,1,2,0,2,0,1,4,2,1,4,3,4,1,0,1,1,0,0,2,3,4,3,3,3,1,2,1,3,0,3,2
256,4,1,2,0,1,4,2,0,3,2,1,4,3,4,1,0,2,0,4,2,1,0,2,3,4,3,4,2,2,1,4,4,3,2,3,0,2,2,4,0,1,2,1,1,3,2,4,1,1,1,0,3,2,3,1,3,0,4,3,0,0,3,4,0,4,1,3,0,2,3,0,0,4,3,1
257,4,1,1,1,2,4,0,0,4,2,4,3,3,2,3,4,0,3,3,3,3,3,4,3,1,3,0,1,3,2,2,1,1,1,2,2,2,4,4,1,3,4,1,4,1,0,3,1,0,0,2,0,2,0,1,4,0,0,3,1,0,0,2,4,0,2,2,4,0,4,2,3,4,1,2
258,3,0,2,0,4,1,4,2,3,2,1,1,2,2,3,1,4,1,4,1,1,2,2,1,0,4,2,4,3,4,3,1,0,1,0,2,3,3,1,2,2,3,0,1,0,0,3,4,2,4,0,3,0,3,3,4,0,4,0,1,4,0,0,4,0,3,4,1,2,4,3,1,2,3,2
259,0,4,0,4,2,3,1,2,3,4,3,1,0,2,3,1,3,2,0,0,0,2,1,0,2,1,3,0,2,1,1,1,2,3,4,1,3,3,2,4,0,4,0,4,3,2,1,1,2,2,1,1,4,2,3,4,3,3,4,3,0,1,0,4,0,4,2,2,4,1,3,4,0,0,4
260,1,3,0,2,3,3,2,0,3,3,1,2,0,2,4,3,1,4,4,1,0,1,2,4,1,2,2,0,4,2,4,1,0,2,0,4,3,0,4,3,3,2,2,2,2,0,1,1,3,4,4,3,2,3,4,1,4,1,0,2,0,3,4,3,4,1,0,3,1,0,1,1,0,4,0
261,4,1,2,3,0,3,4,3,3,4,3,4,1,0,1,1,3,2,4,0,2,2,0,1,4,3,4,0,2,1,3,0,4,0,2,1,3,3,4,0,3,0,2,1,2,0,1,4,1,0,2,1,3,0,2,0,1,3,0,4,4,2,0,3,4,2,4,1,1,1,2,2,3,4,2
262,2,3,4,4,3,4,1,3,4,4,4,4,3,2,1,0,4,4,4,0,1,0,1,2,3,4,0,4,4,2,0,1,2,0,1,2,2,2,2,1,2,3,0,4,3,3,1,0,0,1,1,3,3,3,0,2,0,1,0,3,1,4,0,2,3,0,1,2,3,2,2,1,3,1,0
263,1,2,0,3,1,2,1,0,3,4,4,1,4,3,0,0,4,3,3,2,1,2,4,0,0,4,1,1,4,0,0,3,2,0,3,3,2,1,2,1,0,3,1,2,4,3,4,2,2,3,0,4,1,1,0,4,3,1,2,0,1,2,0,2,3,4,4,0,3,4,4,2,2,3,1
264,4,0,1,3,0,1,0,3,4,4,1,0,1,1,2,0,0,3,1,3,2,4,1,4,0,4,4,2,4,2,2,4,2,0,4,1,2,1,4,4,3,1,1,2,2,3,0,2,2,0,2,3,3,1,2,1,1,0,3,3,1,0,0,0,3,4,4,3,2,0,4,3,2,3,3
265,2,4,4,1,4,2,4,1,3,0,4,1,3,2,0,1,0,1,3,3,3,4,2,2,0,1,4,1,2,0,4,1,0,4,4,0,0,0,3,2,2,1,3,2,2,1,4,0,3,3,3,2,4,0,3,1,1,2,1,4,4,2,0,3,4,0,3,1,1,3,0,2,0,2,3
266,1,1,2,4,0,3,0,1,1,2,2,2,3,2,1,4,3,4,0,4,3,1,4,4,4,1,2,3,2,4,2,0,2,4,3,3,0,1,1,2,0,1,0,0,3,3,0,0,2,4,2,3,4,2,4,1,2,4,0,1,3,1,4,0,1,0,3,3,0,3,0,1,3,2,4
267,3,2,1,1,1,3,3,4,2,1,4,3,1,0,3,2,2,2,2,4,0,0,0,4,2,1,0,3,3,4,3,1,2,0,4,4,3,0,3,1,3,3,1,0,2,1,3,2,1,1,4,3,0,0,1,0,2,0,1,3,0,2,2,4,1,4,2,4,4,4,2,4,0,4,0
268,3,4,3,1,0,2,1,1,2,3,0,0,2,2,1,2,0,0,1,3,3,3,4,2,0,3,3,2,2,4,4,1,0,0,4,4,4,0,3,3,3,4,2,2,3,1,1,0,4,4,4,1,1,1,0,0,2,4,4,2,1,3,2,1,2,0,1,2,3,0,4,0,3,4,1
269,2,3,3,0,1,4,0,2,1,4,1,2,0,2,2,1,3,1,1,0,4,0,1,4,2,2,3,4,1,1,1,0,1,0,4,0,1,0,0,3,2,4,3,3,2,4,4,3,2,3,3,4,4,4,3,4,3,0,0,2,2,3,3,0,4,2,1,2,2,1,4,3,1,0,0
270,1,1,4,3,0,3,1,0,4,0,3,1,1,0,2,4,1,1,2,1,4,4,4,3,4,1,1,2,1,2,2,0,2,0,2,4,0,3,2,1,2,3,3,4,0,4,4,0,3,3,0,0,0,0,4,3,2,2,3,2,2,0,1,4,3,2,1,0,2,3,3,4,1,4,3
271,0,4,2,2,2,3,1,1,3,2,2,0,4,2,4,4,1,3,2,1,4,2,0,3,4,0,1,0,3,4,1,3,3,1,4,1,3,4,0,1,0,3,2,4,1,3,2,0,0,1,2,3,0,2,4,0,2,0,3,2,1,4,1,2,4,4,0,1,3,1,0,4,3,0,3
272,1,1,0,1,4,3,0,0,3,3,4,0,1,0,0,3,4,1,4,0,4,2,0,4,1,1,4,3,2,1,3,0,2,2,2,2,4,3,0,1,1,0,2,3,1,0,1,3,2,4,0,2,2,3,4,4,2,3,2,2,4,0,2,4,2,3,1,3,3,3,4,1,4,1,0
273,2,1,0,0,3,4,2,3,1,0,2,0,0,0,3,3,4,4,3,1,3,4,3,3,3,4,1,3,4,4,3,1,0,0,1,1,0,4,2,2,4,0,1,3,2,2,1,3,0,0,1,4,0,2,0,1,2,4,2,1,1,4,2,2,3,3,0,4,2,4,2,2,4,1,1
274,3,1,3,1,4,2,0,2,1,4,2,4,0,2,1,1,0,3,0,1,1,4,0,2,3,1,0,4,4,2,2,2,3,1,1,4,1,4,3,0,2,4,0,3,1,3,3,3,2,2,0,1,2,3,4,3,2,2,0,0,1,0,3,2,4,4,4,3,1,0,3,0,4,0,4
275,4,4,3,3,0,1,0,4,1,1,2,4,2,2,0,0,3,1,4,1,0,4,1,3,3,0,0,3,1,0,1,1,0,4,3,4,2,2,3,4,0,3,2,4,2,1,2,3,3,0,1,2,2,0,3,4,1,3,0,2,3,2,4,4,1,1,1,4,0,0,2,4,2,3,2
276,2,3,0,1,0,3,2,1,2,3,0,4,2,0,0,4,2,4,4,3,0,2,1,3,3,0,4,3,1,2,1,2,3,0,3,1,1,4,2,1,4,1,0,3,0,3,1,2,2,0,1,4,2,4,3,3,4,2,4,1,0,2,0,3,4,4,3,0,1,1,1,4,0,2,4
277,4,3,2,2,4,0,2,0,3,3,0,1,4,4,4,0,3,4,2,2,1,1,1,4,1,2,4,2,1,3,2,2,0,0,2,4,0,0,1,2,1,1,3,4,1,3,4,2,3,0,3,3,2,4,1,1,2,0,4,0,3,1,2,0,4,0,1,0,3,3,4,0,3,1,3
278,1,1,1,4,4,3,3,1,0,2,1,3,3,0,0,1,0,0,0,0,1,0,3,3,3,2,2,4,1,0,4,3,3,3,4,4,2,0,1,1,3,0,3,2,1,2,3,1,4,3,2,2,4,2,4,1,4,4,0,4,2,2,1,2,0,2,3,0,0,4,1,2,4,2,4
279,1,0,2,2,3,2,3,3,0,4,4,1,0,2,1,3,2,4,4,3,2,4,1,1,3,1,3,1,2,0,3,2,3,1,4,1,4,3,2,3,1,2,0,4,2,4,1,3,0,0,0,1,0,0,4,3,0,1,2,0,2,2,0,4,4,3,2,0,4,4,1,1,4,0,3
280,4,1,2,3,3,3,4,1,0,0,0,0,1,4,2,4,1,3,2,0,1,2,3,0,3,2,4,4,3,1,2,2,1,4,0,0,4,4,3,1,2,2,3,4,2,2,0,0,3,1,4,3,4,1,2,3,2,0,4,4,0,3,4,0,0,2,2,1,1,1,3,0,3,1,1
281,0,1,3,2,2,3,0,0,3,2,1,4,3,1,2,1,4,2,1,2,4,0,2,2,2,3,3,4,1,1,4,4,2,1,4,0,1,0,4,4,3,2,4,3,2,3,3,0,4,0,0,3,1,0,1,2,3,0,3,0,4,3,1,2,4,1,1,0,1,4,0,3,4,2,0
282,0,0,4,3,0,1,4,1,4,4,4,3,1,3,1,4,3,2,0,2,3,1,0,2,3,2,3,2,3,0,3,4,4,4,1,3,2,4,4,2,4,3,0,4,2,0,1,2,0,1,2,0,2,0,1,1,2,0,1,3,1,3,0,2,3,3,4,1,4,0,2,1,0,2,1
283,3,4,1,1,0,3,3,3,4,0,0,4,3,1,0,2,4,1,4,2,4,2,1,0,3,0,1,2,4,1,4,3,0,0,2,3,2,1,2,2,4,2,3,2,0,3,4,0,3,4,0,2,3,3,0,2,1,2,0,2,0,4,1,2,1,0,3,4,1,4,4,1,1,3,1
284,3,2,3,3,3,1,0,1,1,1,1,3,3,1,4,1,1,3,4,2,4,0,3,4,1,3,0,0,4,0,3,2,1,1,4,4,4,3,0,0,2,2,0,0,2,0,2,3,0,2,0,4,2,4,1,4,3,2,2,4,0,0,2,4,3,1,0,1,4,4,1,2,2,2,3
285,2,0,1,0,3,0,1,3,0,3,3,0,1,4,2,2,0,4,1,1,4,2,0,0,2,0,4,1,1,3,4,2,1,1,4,4,1,4,2,2,2,2,4,2,1,2,0,0,4,3,3,3,1,3,1,3,4,3,4,3,0,1,4,1,3,0,4,2,2,4,2,0,3,3,0
286,1,2,0,4,1,2,3,4,3,2,2,1,2,0,3,0,0,0,1,2,4,3,0,0,3,1,4,0,2,2,3,2,4,1,1,3,0,1,0,2,1,2,0,0,4,1,1,3,1,2,3,3,3,3,4,4,2,1,3,2,4,3,2,4,4,1,4,0,1,0,3,4,4,0,4
287,4,2,0,1,2,0,2,3,2,4,0,4,3,4,0,2,3,3,1,2,4,0,3,3,0,4,0,1,0,3,0,3,4,2,1,2,2,4,3,0,4,4,3,3,2,1,2,2,0,3,4,4,1,4,1,0,0,3,1,2,4,1,0,0,1,2,1,3,1,3,2,1,1,1,4
288,1,3,4,4,0,1,2,2,3,0,4,3,0,3,1,3,2,4,3,1,2,1,3,4,1,3,0,2,0,4,2,3,4,4,2,1,0,2,1,0,2,0,3,0,2,4,0,4,0,2,3,3,1,4,1,3,1,2,4,4,4,2,0,1,1,3,0,4,2,2,1,1,0,0,3
289,4,3,3,0,0,2,2,3,2,0,3,4,3,4,2,2,1,2,4,4,2,1,3,1,4,3,0,3,4,0,0,0,0,3,3,0,0,4,2,1,3,0,1,1,1,2,2,1,0,0,1,4,2,1,1,1,2,3,3,4,4,1,2,0,1,4,2,3,4,0,3,1,2,4,4
290,1,4,3,2,1,0,1,1,1,0,2,0,4,3,2,3,1,4,1,1,3,3,2,2,2,0,0,2,4,3,0,0,2,1,0,2,1,0,0,2,3,4,4,0,2,3,3,3,4,3,2,2,2,4,4,4,1,0,3,0,3,4,0,4,4,0,1,1,4,4,2,1,1,3,3
291,3,4,1,2,4,1,0,1,3,0,0,2,3,4,0,0,4,0,1,1,2,2,2,0,4,1,2,2,4,2,2,1,0,1,2,3,1,1,2,2,3,3,4,0,3,1,3,4,2,4,4,3,0,3,4,0,4,4,0,3,1,3,1,1,4,0,0,3,1,3,4,3,0,2,2
292,3,1,4,4,0,2,0,1,3,3,1,2,2,4,1,4,3,1,2,2,2,3,3,3,0,1,0,2,4,2,2,3,2,1,1,4,3,4,4,3,0,4,0,4,1,3,3,3,0,4,1,0,4,2,0,4,1,0,0,2,2,1,4,2,0,1,0,4,3,0,0,1,2,1,3
293,4,2,4,1,4,1,4,1,3,1,2,1,4,0,2,2,3,0,0,0,0,0,0,2,4,4,2,3,4,1,0,2,0,4,3,2,1,4,3,1,1,4,4,3,0,1,1,3,4,2,1,4,3,2,3,0,0,2,3,3,0,3,0,0,1,4,2,3,2,3,2,1,3,2,1
294,4,4,1,4,4,0,0,1,0,1,3,0,4,4,2,3,2,0,3,2,3,1,1,2,2,4,0,2,2,1,1,4,4,1,2,0,2,0,4,1,0,2,0,3,0,0,2,1,2,2,4,3,1,3,1,2,3,3,0,0,3,3,2,4,3,4,1,3,3,1,1,3,4,0,4
295,0,0,4,0,0,2,4,0,4,3,1,2,1,0,4,1,0,3,2,1,4,2,3,3,2,2,1,4,1,2,0,0,4,2,1,2,3,4,3,2,0,0,2,1,2,3,2,3,3,3,0,2,4,4,1,0,0,4,1,1,0,4,3,1,3,3,2,3,1,3,4,4,1,1,4
296,1,2,3,4,3,2,0,4,0,1,4,0,4,2,4,0,1,3,1,4,2,4,0,2,0,3,4,1,4,1,3,2,1,3,4,2,2,2,1,4,1,0,3,4,2,0,0,4,2,1,0,3,1,0,3,3,2,1,3,3,1,2,3,2,0,0,1,0,2,0,3,4,1,4,3
297,0,2,0,3,3,1,4,0,0,1,1,4,1,2,0,2,0,4,0,2,3,0,2,4,2,1,1,3,4,0,4,1,3,0,1,4,2,1,2,2,4,1,1,0,3,3,0,2,3,3,3,4,3,2,0,1,4,0,3,3,3,1,2,1,4,4,4,2,2,1,2,4,4,3,0
298,0,3,3,0,4,0,1,4,3,0,1,2,3,2,4,3,1,1,3,2,3,2,1,4,2,4,4,4,3,0,0,4,1,3,2,1,2,2,1,0,4,2,1,1,3,4,2,3,1,3,2,2,0,0,0,1,4,1,3,4,1,0,1,4,3,2,4,0,0,2,4,3,2,0,0
299,3,2,2,2,0,3,3,1,2,1,1,1,4,2,0,0,2,0,4,4,2,3,1,4,4,0,0,0,4,0,4,2,1,1,0,2,3,4,2,3,4,2,1,3,3,1,1,0,4,4,3,2,2,1,4,4,3,3,0,4,1,3,3,3,1,0,1,2,4,1,0,2,3,0,0
300,4,1,4,0,4,4,3,4,4,4,4,2,0,1,4,2,1,0,3,4,2,1,1,0,2,3,1,1,0,1,2,2,4,3,3,3,1,1,4,2,1,0,0,2,1,2,2,2,0,2,3,1,2,0,0,3,0,3,2,0,0,4,0,3,3,3,4,4,1,2,0,1,3,3,3
301,2,3,0,4,3,1,0,3,2,4,2,3,4,0,1,1,1,2,0,4,3,3,2,1,3,3,4,4,0,3,0,3,4,0,3,3,2,4,2,1,3,0,0,2,2,3,4,0,2,3,1,1,2,1,2,1,2,4,0,2,4,0,4,0,1,1,1,4,1,2,0,4,4,0,1
302,0,2,3,0,4,1,2,3,0,3,3,1,3,4,4,2,0,0,0,0,4,3,4,2,4,4,4,2,0,1,2,1,0,0,2,0,0,1,1,3,3,0,1,2,1,4,1,1,3,4,3,4,1,0,4,4,2,2,1,1,4,3,3,3,3,2,2,1,2,2,3,1,0,2,4
303,4,0,3,4,1,3,1,2,4,4,1,3,3,4,0,0,0,2,3,1,3,0,2,1,2,0,2,0,4,2,1,4,4,3,0,4,3,1,2,0,2,1,1,3,0,4,0,1,4,1,3,1,3,4,0,1,2,2,4,1,4,2,2,2,1,3,3,0,4,3,0,0,3,2,2
304,4,4,3,3,3,2,1,2,2,1,0,3,0,2,4,0,2,4,0,3,2,2,2,1,0,4,0,4,0,1,3,0,3,3,4,1,3,2,1,2,0,4,1,1,0,1,2,3,0,2,1,0,1,2,2,3,4,1,4,0,4,1,0,1,4,4,3,3,4,4,1,3,3,0,2
305,4,4,1,4,3,0,2,1,0,0,4,2,3,0,3,2,0,1,1,4,4,4,1,2,3,2,4,1,1,1,3,0,3,3,4,2,1,0,1,4,3,0,2,2,1,1,1,4,0,4,2,4,3,0,3,0,2,3,2,3,0,0,0,4,2,0,3,1,2,2,4,1,3,2,3
306,3,1,2,2,3,0,4,1,2,3,0,1,0,3,3,4,4,2,1,2,3,1,0,4,4,0,0,3,3,3,4,1,4,0,4,3,3,0,0,3,0,1,2,1,2,2,2,3,0,1,4,4,2,2,2,1,3,4,0,4,4,3,2,2,4,0,1,0,1,4,1,1,1,2,0
307,0,0,3,4,4,1,1,4,0,1,4,2,3,0,2,0,4,3,2,2,0,3,1,2,1,3,2,1,0,2,1,0,2,1,2,2,4,1,0,4,0,0,1,4,2,3,1,3,4,4,3,2,2,0,3,0,3,1,3,3,4,4,3,4,0,4,1,3,0,3,4,2,2,1,1
308,2,1,0,3,4,3,2,2,1,1,1,1,3,2,0,3,1,2,2,2,4,2,1,3,0,3,2,0,4,1,1,3,2,0,4,3,4,1,0,1,0,0,4,3,4,3,2,0,3,2,4,4,0,3,1,2,4,3,1,4,0,0,4,3,1,4,1,3,0,4,0,2,2,4,0
309,1,0,3,4,2,3,4,3,2,1,1,3,2,3,2,3,4,1,2,4,1,3,2,3,3,2,0,1,4,1,2,0,1,0,4,0,1,4,4,1,2,0,0,3,4,0,3,4,4,2,1,0,0,1,2,2,1,0,1,0,4,3,3,2,3,3,4,4,0,1,0,0,4,2,2
310,1,0,2,1,4,4,2,4,4,3,3,4,4,4,2,0,4,2,0,1,0,3,0,3,1,3,1,0,2,0,3,1,1,1,1,0,4,4,1,3,3,1,4,1,0,4,3,2,2,3,0,2,2,4,2,3,4,1,1,2,3,0,0,0,2,1,0,2,2,3,3,4,3,2,0
311,1,4,3,2,2,3,4,2,3,2,0,1,2,1,3,1,4,0,1,3,3,0,3,0,0,2,0,0,4,1,2,0,0,0,1,4,2,3,3,2,1,4,4,0,1,2,0,1,0,4,4,4,3,0,1,2,1,2,1,3,4,2,3,3,4,2,4,1,3,0,3,4,1,4,2
312,3,1,2,0,2,3,4,2,4,3,2,3,2,4,2,0,0,3,1,2,1,0,3,3,0,4,3,3,3,1,4,3,4,1,2,0,1,2,4,3,2,4,2,1,1,4,1,1,1,1,2,0,3,4,4,1,2,3,0,4,0,3,0,1,2,4,0,2,4,1,0,0,0,4,0
313,0,3,2,4,2,2,2,1,2,4,0,1,1,3,0,0,1,3,4,4,0,4,2,3,4,0,1,3,2,1,3,1,3,1,1,2,0,4,2,4,3,2,2,4,2,1,1,3,4,0,3,0,4,4,1,4,0,0,1,2,1,0,2,2,3,4,0,3,1,3,3,3,4,0,0
314,4,0,4,2,1,1,3,0,1,2,2,1,4,2,1,0,4,2,4,3,1,1,2,1,3,3,0,1,1,3,3,4,3,0,3,2,2,3,3,2,1,1,3,3,2,3,2,4,0,4,0,0,4,4,1,1,4,0,0,0,3,2,4,4,2,4,0,0,3,4,0,0,2,1,2
315,3,2,0,2,4,0,2,4,4,4,1,0,4,1,0,3,2,1,3,1,2,2,3,1,4,3,4,2,2,3,1,0,4,3,0,1,4,4,0,1,2,2,3,0,1,3,2,1,1,2,4,3,1,1,3,3,3,0,4,0,3,2,2,0,4,4,4,0,1,2,0,1,0,0,3
316,0,4,3,0,4,0,1,2,2,4,3,3,4,1,1,4,0,3,0,4,1,4,0,0,3,4,2,3,1,2,0,2,3,2,3,3,2,2,1,2,1,4,0,0,0,0,0,2,1,2,3,4,3,3,4,3,1,1,2,4,3,1,2,4,1,1,3,2,0,4,1,2,1,4,0
317,3,2,0,1,3,1,0,2,2,3,3,1,1,3,2,3,1,0,3,3,3,4,0,4,4,1,2,4,1,2,1,2,1,2,4,4,3,1,0,0,0,3,2,0,4,2,4,2,0,1,2,1,3,2,4,1,0,3,3,4,0,1,0,4,4,1,4,4,3,2,0,0,0,2,4
318,2,2,3,2,1,4,4,0,3,2,0,0,4,1,0,2,3,1,0,1,1,0,2,4,4,1,2,0,0,2,3,1,3,2,0,4,4,0,3,2,1,0,3,4,1,0,2,2,4,1,1,2,3,3,1,3,1,1,3,4,4,0,1,2,2,3,0,4,0,4,3,4,3,4,3
319,0,3,0,3,2,2,2,3,3,2,0,1,3,2,4,3,2,1,4,2,4,2,1,0,4,4,4,1,2,3,1,3,3,4,1,3,2,0,4,3,2,3,1,3,0,0,4,1,1,3,4,4,1,1,4,4,0,0,2,0,0,2,0,0,0,4,0,4,2,1,1,2,1,3,1
320,1,0,1,0,3,2,4,2,3,2,2,2,2,4,3,0,3,0,2,0,3,3,1,2,2,0,4,4,4,1,3,0,4,3,1,3,1,4,1,4,3,4,4,4,2,3,1,1,1,0,0,4,1,1,1,3,2,0,1,3,2,2,3,0,1,4,4,3,0,2,2,0,0,4,0
321,4,3,3,1,0,2,0,0,2,3,1,4,2,2,4,1,0,1,0,3,1,1,0,2,3,4,0,2,4,4,2,3,0,2,0,1,2,4,1,1,4,1,0,2,3,4,1,4,3,1,4,3,3,1,0,3,0,1,3,3,2,4,3,1,0,2,4,2,4,3,2,0,2,4,0
322,1,4,1,2,1,3,3,1,3,2,3,1,4,3,1,4,2,0,1,4,0,2,4,0,2,1,0,1,4,2,1,1,1,4,4,2,1,0,3,0,4,0,3,4,4,0,1,2,2,4,4,0,3,3,2,2,0,4,2,2,3,0,0,3,0,2,3,0,0,1,3,3,3,4,2
323,2,3,0,2,4,1,2,4,1,0,3,0,4,4,4,2,1,0,4,4,4,2,4,4,1,1,3,0,2,2,3,2,1,3,4,0,3,2,2,0,2,1,3,1,0,3,3,1,2,1,1,0,1,1,4,3,0,3,2,0,1,4,0,3,1,3,0,2,3,0,0,4,3,2,4
324,2,3,4,0,3,0,2,4,2,4,1,2,1,1,3,1,0,4,1,1,4,3,1,1,4,0,0,4,2,3,4,3,1,2,0,0,3,2,0,0,2,4,3,4,2,3,2,0,2,0,2,4,1,3,2,0,1,3,3,3,3,1,4,1,0,4,0,1,1,2,4,4,0,2,3
325,0,0,2,1,3,2,3,1,0,2,2,1,4,1,3,4,4,2,0,2,3,0,2,3,4,1,1,4,1,2,4,2,3,0,3,2,4,2,3,1,3,4,1,4,0,0,3,3,0,1,0,2,0,3,3,3,3,1,1,2,0,4,4,0,0,0,2,2,1,4,4,4,1,1,4
326,4,1,0,4,1,2,2,1,4,3,4,4,2,2,2,3,3,3,2,1,2,2,0,3,0,0,2,0,1,2,1,3,2,0,3,0,0,3,1,4,1,1,2,4,0,3,4,0,3,2,3,1,4,1,1,0,4,3,1,4,3,1,1,0,0,3,4,4,2,4,0,3,0,2,4
327,1,1,2,3,1,3,3,3,1,0,0,2,2,2,3,4,1,2,0,2,1,2,3,0,3,2,0,4,1,3,4,0,4,1,3,0,3,4,1,4,4,2,1,1,0,4,0,3,0,0,3,4,4,0,0,4,4,2,3,4,0,3,1,3,1,4,0,1,2,2,1,2,2,2,4
328,0,3,0,0,4,3,3,1,3,3,3,3,4,3,0,4,4,2,4,2,3,0,4,2,0,4,1,1,0,1,0,2,2,3,1,4,4,4,3,2,1,0,0,0,4,1,4,3,2,2,0,4,2,2,1,3,1,2,3,2,1,1,1,4,3,0,2,2,0,1,2,1,1,4,0
329,4,1,4,2,1,0,4,1,4,4,3,1,4,4,2,2,0,3,1,3,2,1,1,2,0,1,4,3,4,0,1,0,3,4,2,3,2,2,4,0,2,1,1,3,0,3,1,2,2,0,3,3,0,3,0,2,4,3,0,1,0,2,0,3,4,3,0,2,3,1,0,4,1,4,2
330,4,4,3,2,0,2,1,1,0,3,3,0,4,1,0,4,2,1,2,4,3,3,1,1,0,3,2,4,4,1,3,2,4,1,3,2,0,1,0,1,0,3,4,0,2,3,2,0,1,1,2,0,3,4,0,1,2,0,2,0,3,2,2,4,4,2,4,4,3,1,0,1,3,3,4
331,4,3,4,2,3,3,2,4,4,0,2,1,2,3,4,0,0,1,0,2,4,3,1,3,3,1,0,0,4,2,4,2,4,2,1,0,4,1,1,1,1,4,2,0,2,1,0,0,4,3,0,1,0,2,2,4,4,1,3,3,2,1,0,0,3,2,1,3,3,3,3,4,1,2,0
332,4,0,4,3,3,1,4,3,2,2,3,3,1,3,3,0,3,4,0,2,2,0,4,0,1,3,0,1,4,0,3,1,2,4,3,2,4,4,3,2,2,1,1,4,1,0,0,1,1,2,0,1,0,4,4,1,2,1,2,2,0,0,1,3,4,0,3,2,0,3,2,2,4,1,4
333,3,1,2,2,3,3,1,4,1,1,4,0,0,1,4,1,3,2,2,0,2,3,2,0,2,1,0,4,1,3,1,2,4,0,0,4,3,3,3,1,3,0,2,4,2,4,0,0,3,1,0,1,0,0,4,1,2,0,4,3,4,3,1,2,4,3,4,2,3,2,1,0,4,2,4
334,0,2,0,1,2,3,4,3,2,1,4,4,4,0,2,3,4,3,1,3,3,4,1,4,4,3,1,0,4,0,2,4,2,0,3,1,4,4,1,1,2,3,1,4,3,3,1,2,1,1,3,0,0,2,4,3,0,3,1,2,0,0,2,2,3,0,1,1,2,2,4,0,2,0,0
335,4,3,0,3,3,0,4,0,4,3,3,2,2,1,4,2,0,0,3,4,0,3,4,0,0,4,2,0,1,0,3,3,2,4,2,1,1,1,2,1,1,1,0,2,4,3,0,4,3,0,1,3,3,1,2,2,2,1,1,4,1,4,3,4,2,2,4,2,0,0,2,3,1,4,1
336,4,4,3,1,4,0,0,1,1,0,3,2,3,2,3,1,1,1,1,0,0,4,3,4,0,4,3,4,1,4,1,2,2,2,2,2,0,3,2,0,1,2,1,3,0,0,1,3,3,3,2,2,0,1,0,0,3,1,2,4,0,1,4,4,4,2,2,2,3,4,4,3,4,3,0
337,1,4,2,0,2,2,4,3,4,0,4,3,2,4,2,3,4,3,4,1,0,2,4,4,0,1,2,1,3,1,4,2,4,0,4,3,1,0,1,2,3,0,3,0,0,1,3,0,0,4,3,1,1,1,2,2,0,3,3,4,4,1,0,1,3,3,2,0,1,2,2,3,1,0,2
338,1,0,4,3,2,4,0,1,4,2,3,0,1,3,0,1,3,3,3,4,3,4,1,2,0,4,2,0,0,0,2,2,3,1,3,2,4,2,0,0,1,4,4,3,3,2,0,1,2,0,1,3,3,1,3,2,4,3,4,4,2,2,4,1,0,1,1,2,4,1,1,0,4,0,2
339,0,1,0,3,2,1,4,1,4,2,1,0,2,0,4,1,3,3,1,1,1,4,3,4,4,1,3,1,3,0,2,0,1,4,3,3,1,2,3,4,2,0,4,3,2,1,4,4,2,4,0,0,0,4,0,2,1,4,0,4,3,3,0,1,0,0,3,2,2,2,2,2,3,2,3
340,3,2,2,3,3,0,2,2,2,0,1,4,1,3,4,2,2,1,4,1,3,1,0,4,1,2,2,4,0,4,4,1,3,3,4,4,3,1,3,0,1,1,4,2,4,4,3,2,4,1,3,2,0,3,2,4,0,0,1,0,0,1,0,2,1,1,4,3,0,3,2,0,0,0,3
341,3,3,3,4,1,1,2,0,0,4,2,2,0,4,3,3,0,4,3,3,4,3,2,2,1,1,1,0,1,3,3,3,1,0,4,1,0,0,1,2,2,3,3,3,2,4,2,2,4,4,0,2,0,1,4,0,1,4,1,4,0,3,2,0,2,0,1,2,2,1,4,0,1,4,4
342,0,1,0,3,3,0,3,1,3,2,1,2,4,0,0,0,1,4,3,2,0,4,4,4,2,0,1,1,1,3,1,2,4,2,1,3,4,1,2,2,2,4,0,3,3,1,4,0,3,4,3,0,2,1,4,4,1,0,3,2,3,4,1,0,1,4,0,2,0,2,3,2,2,3,4
343,3,0,4,4,0,1,1,4,0,2,0,3,0,3,4,3,4,4,1,0,2,1,1,2,4,2,1,2,3,0,3,0,2,0,1,3,2,0,2,4,4,2,4,1,4,0,3,1,4,0,3,3,3,2,4,2,1,3,0,2,1,4,2,0,1,3,3,1,2,1,4,3,1,0,2
344,3,4,2,2,3,0,0,0,2,2,1,1,1,0,4,3,2,4,2,1,1,3,3,1,3,2,0,4,4,0,3,2,2,1,0,4,4,3,3,3,3,1,2,0,2,1,2,3,3,0,0,0,1,1,2,4,4,4,2,4,0,4,0,4,1,4,4,1,1,0,0,1,3,3,2
345,2,2,2,0,3,1,1,3,4,2,4,0,1,0,0,3,0,3,2,2,2,4,4,0,1,0,1,1,0,4,1,4,1,4,3,2,3,1,0,3,3,4,1,0,1,0,4,3,4,2,3,1,4,0,2,0,4,4,3,2,3,3,4,3,3,0,2,2,4,2,1,0,1,2,1
346,3,3,4,2,4,2,0,3,4,3,4,2,2,2,3,3,3,0,0,0,4,1,4,4,1,1,2,1,1,4,0,0,4,3,0,0,0,4,2,4,4,0,1,4,3,4,2,3,4,0,1,1,0,3,1,3,1,2,3,0,2,1,2,0,2,1,3,3,2,2,1,1,2,1,0
347,4,1,4,3,2,0,1,3,1,2,2,3,0,4,4,3,0,1,3,4,1,1,2,0,1,1,1,1,0,3,0,2,3,0,2,2,3,3,1,4,4,3,4,2,1,4,2,4,4,2,3,0,0,2,3,3,2,4,0,1,3,4,2,0,4,1,0,1,0,2,3,0,2,4,0
348,4,4,4,2,1,2,4,1,3,4,4,2,2,3,1,0,0,3,4,2,0,2,4,2,0,0,1,1,0,4,2,1,2,1,2,3,1,1,3,0,4,1,1,3,3,4,3,2,0,0,2,3,1,0,0,0,4,2,3,3,4,3,0,1,0,4,0,1,3,1,3,3,2,2,4
349,3,3,2,4,1,4,2,3,3,3,4,2,4,0,0,0,3,1,1,4,4,0,3,4,4,1,0,4,1,2,2,2,1,1,2,2,1,3,3,3,1,2,3,3,1,4,2,0,0,2,1,1,4,2,4,2,4,1,0,2,0,2,3,3,0,0,1,4,0,0,4,1,3,0,0
350,2,1,4,4,2,2,2,0,1,0,1,2,0,4,0,4,4,3,2,4,3,1,4,3,4,4,1,0,0,3,0,2,4,0,0,3,3,0,2,3,2,3,1,1,3,4,2,0,3,1,2,2,0,4,0,1,1,1,0,4,1,4,3,1,3,1,1,4,2,3,2,3,0,2,3
351,2,4,2,2,4,2,2,4,0,1,0,1,2,2,4,1,3,4,3,4,4,3,0,0,0,4,1,4,2,0,3,0,1,3,3,1,3,4,1,4,1,1,4,2,2,0,0,3,4,3,1,2,3,2,3,0,2,2,3,3,1,1,4,1,3,1,0,0,0,0,2,1,3,0,4
352,0,1,4,0,3,4,1,2,2,4,0,0,2,3,3,2,0,1,4,1,0,1,3,3,1,4,3,3,0,2,3,4,3,3,3,4,4,4,1,1,4,1,0,0,0,3,2,0,1,2,3,0,1,2,0,2,1,4,2,2,2,2,3,1,4,0,0,3,2,4,1,4,2,4,1
353,4,1,4,0,0,1,0,4,0,0,0,3,3,2,0,1,2,2,1,4,4,2,2,0,2,1,2,2,1,3,3,1,0,2,4,4,3,3,2,0,0,1,0,3,1,3,4,2,3,4,4,3,0,1,4,1,4,3,1,2,3,3,1,1,3,3,2,0,4,4,2,4,2,0,1
354,2,2,0,0,4,0,0,0,1,4,4,3,0,2,2,3,3,1,1,1,4,3,4,1,3,1,0,3,2,4,3,0,4,1,1,2,3,4,4,1,2,2,4,2,2,3,1,4,3,3,2,4,0,0,0,0,2,2,1,0,4,3,1,1,1,2,4,4,0,2,3,3,1,3,0
355,0,4,2,1,0,2,4,0,1,1,3,1,3,0,4,3,4,0,3,2,4,4,1,0,4,3,2,2,3,3,2,3,3,3,2,1,1,3,1,4,0,4,0,4,2,2,4,3,4,3,0,0,1,3,2,2,4,0,4,0,2,2,1,1,1,1,3,0,0,0,2,1,2,4,1
356,1,4,1,4,3,0,1,4,3,1,3,2,3,1,2,4,2,0,2,3,4,1,4,0,0,1,2,4,4,4,1,3,3,2,0,2,3,1,1,3,0,1,0,0,0,1,4,3,2,3,4,1,2,4,3,3,4,3,0,0,1,4,2,3,1,0,2,2,0,2,2,4,0,0,2
357,3,0,0,3,2,0,1,2,4,2,3,3,2,1,3,3,4,4,1,2,1,3,1,0,4,4,2,4,3,0,2,0,0,2,4,4,2,1,1,0,1,3,3,2,4,2,2,1,3,1,4,3,0,0,4,2,0,4,2,1,4,3,4,1,0,1,3,3,0,1,4,2,0,0,1
358,2,2,3,4,4,1,0,0,2,3,4,0,1,1,4,1,4,1,3,0,3,1,2,0,3,4,0,2,1,0,1,3,2,4,1,1,0,3,2,3,4,4,0,2,2,3,4,3,0,2,1,3,4,0,3,0,4,0,0,1,4,4,2,2,3,3,2,1,0,2,4,3,1,1,2
359,1,1,2,4,1,3,1,0,0,3,1,1,0,3,4,3,4,4,2,3,0,0,4,2,4,1,3,2,2,3,2,1,0,2,2,1,4,1,0,0,0,2,4,0,2,4,4,2,2,1,4,3,0,3,2,3,0,4,3,3,3,0,0,0,3,1,4,2,2,3,1,1,4,1,4
360,2,4,3,3,4,4,0,1,2,0,0,3,2,2,2,1,2,1,2,2,2,1,0,1,4,3,3,3,3,4,3,1,0,0,4,3,0,4,4,4,4,4,3,3,1,1,1,1,1,0,0,0,3,1,4,3,4,2,1,0,4,3,2,2,4,0,1,0,0,2,0,3,2,1,2
361,3,4,4,3,1,2,4,0,4,1,0,0,0,0,1,0,4,2,4,2,3,2,3,4,4,1,2,3,4,0,4,3,1,2,1,1,0,1,0,1,2,1,4,3,3,4,2,2,0,3,1,2,1,0,2,0,2,3,4,4,3,2,3,0,2,3,3,2,3,0,1,4,0,1,1
362,2,2,3,0,0,3,4,1,3,0,1,3,2,0,4,3,1,2,3,2,0,1,2,2,1,0,0,1,0,4,2,2,4,3,3,2,1,4,4,1,1,1,3,2,4,1,0,4,1,3,0,2,3,3,4,4,0,4,3,0,1,4,0,2,3,3,0,2,0,1,4,2,4,4,1
363,0,1,1,4,1,3,2,2,1,0,3,1,4,1,1,2,0,2,4,0,2,2,0,3,4,0,4,3,3,0,2,3,0,0,1,3,4,0,1,2,2,0,2,2,1,1,2,4,1,2,1,2,4,1,0,1,3,3,4,0,4,3,4,3,3,4,4,4,2,3,3,0,0,3,4
364,1,3,2,0,1,1,0,3,4,4,1,1,3,4,2,0,0,2,2,2,1,3,4,4,4,2,3,0,3,2,4,1,4,0,2,1,0,1,2,1,4,0,4,3,4,2,0,0,1,4,0,0,3,1,2,1,3,3,1,3,0,4,2,0,1,3,2,4,3,3,2,0,3,2,4
365,1,4,2,4,2,2,0,0,1,2,3,0,3,4,4,2,0,3,4,2,4,0,1,4,4,0,1,3,1,1,3,2,1,3,1,4,0,1,3,2,1,3,4,0,2,4,2,3,2,2,4,3,0,0,2,3,4,2,1,3,3,4,1,0,4,1,1,0,0,2,1,3,0,3,0
366,2,3,4,3,0,3,3,1,1,4,2,1,3,1,3,0,2,3,4,3,1,3,4,3,2,2,1,0,2,0,3,2,2,1,0,3,1,0,2,1,2,1,2,4,1,2,4,4,4,1,4,0,3,2,3,2,0,4,0,0,0,4,2,4,0,4,0,1,1,0,1,4,4,3,0
367,2,0,4,1,0,4,1,4,1,2,2,0,2,2,4,0,3,2,1,4,4,1,1,2,3,4,2,4,2,0,3,3,2,1,3,0,1,3,3,2,2,4,0,4,1,0,1,4,3,2,4,1,0,0,0,4,0,3,4,3,3,0,0,1,3,0,1,3,1,4,3,2,1,3,2
368,2,4,2,0,0,4,4,0,0,3,3,1,2,2,4,1,3,0,2,3,4,1,0,4,0,1,1,0,2,4,3,0,3,1,4,0,0,4,1,4,2,2,4,3,0,4,4,3,1,1,0,2,2,3,2,1,1,2,3,2,2,3,4,2,0,1,3,0,3,3,3,1,1,4,1
369,1,3,0,2,2,4,3,2,3,0,0,0,0,1,0,1,1,1,1,3,3,2,3,4,2,3,4,2,4,1,1,4,0,4,2,4,0,1,4,1,1,1,2,3,4,3,3,3,4,2,3,1,4,0,0,3,0,0,2,2,2,0,2,0,3,4,0,1,2,4,4,2,3,4,1
370,2,4,0,4,3,3,0,3,4,4,1,2,2,3,2,1,1,3,2,1,0,4,4,3,0,3,3,1,3,0,0,2,2,3,1,2,0,1,2,3,2,2,1,0,4,0,3,1,0,2,0,1,4,1,4,3,1,4,3,3,4,4,1,4,1,0,2,4,0,2,0,2,4,0,1
371,1,4,4,1,3,1,0,3,0,0,1,1,0,4,3,4,3,1,0,2,0,4,0,3,1,1,3,4,3,0,0,4,2,2,4,1,0,0,2,4,4,2,2,3,4,3,4,2,2,1,0,0,1,2,2,1,3,0,3,2,0,4,2,3,2,1,4,4,2,3,1,3,3,2,1
372,0,3,3,2,0,1,2,4,0,4,0,3,0,2,0,1,1,3,4,1,2,3,0,4,0,3,4,0,1,1,1,1,1,3,0,0,3,2,2,2,4,4,4,1,1,1,3,3,4,4,0,3,2,2,4,3,2,1,4,4,4,3,2,3,2,0,0,1,0,1,3,2,2,2,4
373,3,3,4,3,0,3,3,2,0,2,3,0,1,0,4,1,4,0,4,2,3,2,0,4,2,4,0,2,0,3,2,0,1,1,1,3,4,3,1,2,1,2,2,2,3,3,3,1,4,0,2,1,3,4,2,4,0,3,1,1,2,1,0,1,4,0,4,4,0,4,4,1,1,2,0
374,3,2,2,0,4,4,1,3,3,3,4,1,2,2,0,0,4,2,4,3,0,2,1,4,1,2,3,1,1,3,4,4,3,0,2,0,3,1,3,1,3,2,2,4,1,3,1,1,2,0,1,4,2,3,1,2,0,0,0,4,3,0,4,1,4,1,0,3,2,2,0,0,4,0,4
375,1,2,3,2,3,0,1,0,2,2,0,4,2,2,1,2,4,0,1,3,3,2,3,2,4,3,0,0,4,1,1,0,4,1,4,2,2,1,3,1,3,3,0,3,3,1,4,4,3,4,4,1,0,1,4,0,1,0,0,3,3,1,4,1,2,4,3,0,0,4,0,4,2,2,2
376,1,0,3,0,4,0,3,0,3,1,3,3,4,1,2,1,3,1,4,0,1,4,1,3,3,3,4,1,3,0,3,1,1,3,2,1,2,4,2,4,4,4,0,2,2,4,0,3,3,4,2,2,2,4,0,2,2,4,2,0,1,0,0,1,4,2,1,0,0,0,1,2,3,2,4
377,2,0,3,2,3,3,4,4,0,1,4,4,0,0,3,0,0,1,4,2,4,2,0,3,3,1,1,2,2,0,1,3,2,4,2,0,0,1,4,1,3,3,2,1,1,3,3,4,2,4,0,0,1,2,3,2,1,1,4,1,3,2,0,1,4,3,2,2,4,4,3,0,0,1,4
378,1,4,4,3,1,3,4,4,0,2,4,1,1,3,4,4,1,2,1,0,1,1,0,0,0,2,4,3,4,2,3,3,2,0,1,2,2,1,4,4,1,2,4,3,3,0,0,0,2,0,3,0,4,0,3,0,1,3,3,3,1,4,2,0,2,3,3,2,2,1,0,2,4,1,2
379,2,4,3,3,3,1,4,2,0,2,0,0,1,2,2,0,3,1,3,3,4,2,4,4,1,1,3,1,1,3,2,0,0,1,4,2,0,3,0,1,0,4,4,0,0,2,0,2,2,1,2,3,4,4,4,2,3,2,1,1,1,0,3,4,4,4,3,1,0,1,3,4,3,0,2
380,0,0,2,2,0,3,3,3,1,4,0,1,4,4,3,4,0,0,0,1,0,2,1,1,0,4,0,2,1,4,0,1,2,2,3,3,3,4,3,0,1,2,2,4,4,2,1,4,3,2,4,2,2,4,1,0,3,2,1,3,3,4,1,3,2,1,1,4,3,0,0,4,1,3,2
381,0,2,1,2,0,1,0,0,4,2,4,4,0,2,4,2,2,1,3,2,2,1,2,3,4,3,1,4,4,2,3,1,2,4,1,4,3,4,1,0,1,0,4,1,3,3,4,1,2,3,1,3,0,4,4,0,3,1,2,0,3,3,3,1,0,2,0,1,2,3,3,0,0,0,4
382,4,3,1,4,2,2,0,1,2,3,0,0,0,4,2,3,1,2,0,0,3,2,3,1,2,2,3,3,1,4,2,1,0,2,0,3,2,2,2,4,4,4,4,4,0,1,3,2,1,1,0,2,0,3,1,4,3,3,1,1,0,0,4,1,4,0,1,3,1,4,3,4,0,3,4
383,3,4,2,4,1,3,3,4,2,3,1,3,0,3,0,0,0,1,2,2,4,3,2,2,3,4,4,0,1,1,2,2,2,2,1,0,1,0,2,3,4,4,4,3,1,4,4,2,0,0,3,1,1,4,3,0,1,3,4,2,1,1,0,0,0,0,1,2,4,2,1,3,0,4,3
384,4,1,2,0,4,1,4,0,4,2,3,3,1,2,4,0,1,4,3,3,0,3,0,1,2,1,3,0,0,2,0,0,2,2,2,1,4,3,0,4,1,3,3,4,0,3,3,3,2,0,2,2,0,2,2,4,0,1,1,1,3,1,4,4,3,1,3,0,4,2,1,4,2,4,1
385,3,1,1,2,2,3,2,3,0,3,4,4,4,0,3,2,3,0,2,1,4,1,4,3,2,1,1,4,0,3,0,2,4,0,0,0,0,2,2,3,3,4,1,3,0,4,1,1,1,2,2,1,0,2,0,0,1,3,1,4,0,2,4,0,2,3,1,3,4,1,3,4,4,4,2
386,0,0,3,1,0,4,2,1,1,4,0,2,0,4,0,4,3,2,1,3,4,0,1,4,4,3,1,2,1,1,0,3,3,1,0,3,2,4,4,4,0,4,1,0,0,2,4,1,3,4,2,1,2,2,0,4,3,4,1,1,2,0,2,1,3,3,3,2,0,2,2,3,3,2,3
387,2,4,3,0,4,2,4,0,4,0,3,1,2,4,3,3,4,3,2,4,1,0,2,3,4,3,2,1,0,4,0,2,3,0,3,1,1,2,0,1,3,0,0,0,1,0,2,2,1,1,2,1,0,4,3,1,4,1,3,2,3,0,1,0,4,4,3,2,1,2,1,4,4,3,2
388,4,2,3,0,4,1,1,2,2,1,0,4,3,3,3,3,0,1,1,4,3,1,0,1,0,3,0,0,3,1,3,0,1,3,2,2,0,3,0,2,4,4,4,4,4,2,2,0,1,2,4,4,2,1,3,2,3,2,0,2,0,4,0,3,0,4,1,2,4,2,1,1,1,3,4
389,4,1,2,2,0,0,3,0,0,4,4,3,4,0,1,0,4,3,2,3,1,0,2,0,2,2,2,2,1,0,4,2,4,3,4,3,3,1,1,2,0,3,2,2,3,3,4,1,3,4,2,1,4,0,1,2,0,3,0,0,3,1,1,4,4,1,1,1,0,4,2,3,4,1,3
390,4,0,4,2,2,4,2,4,0,4,3,1,3,4,4,0,1,3,2,0,2,2,2,3,1,2,2,3,1,0,1,3,3,3,3,4,0,1,0,4,2,2,3,0,3,4,0,2,4,0,1,3,1,1,1,0,0,4,2,1,1,0,1,3,3,2,4,0,1,3,2,4,1,0,4
391,4,3,3,2,0,3,1,4,2,2,1,4,4,2,0,0,4,3,0,2,0,1,0,3,3,1,3,0,0,3,0,4,0,3,2,3,2,1,3,0,1,1,3,1,3,2,0,0,4,1,1,0,2,2,2,4,0,1,3,2,1,1,1,4,4,4,2,4,4,2,4,1,4,2,3
392,3,1,4,0,2,1,2,2,3,1,1,1,1,2,4,2,1,1,3,2,3,2,3,1,0,1,4,4,2,4,2,2,3,1,3,4,0,4,0,2,0,0,4,4,3,2,4,4,1,3,0,0,0,3,1,0,0,3,1,3,3,0,4,2,4,2,3,0,4,4,0,0,3,2,1
393,2,2,4,1,2,0,3,3,1,2,4,1,3,2,0,0,4,4,4,4,4,3,3,1,4,2,0,3,1,1,0,2,3,3,0,2,3,4,2,1,3,2,0,4,0,1,1,2,4,1,0,4,1,2,1,3,1,3,2,0,4,0,0,0,0,0,1,3,2,3,3,1,4,4,2
394,2,1,0,1,4,4,1,4,0,3,3,2,1,1,3,2,3,1,2,2,0,1,4,4,2,3,1,2,1,3,3,3,4,0,0,1,4,4,3,4,0,1,4,4,4,2,1,0,3,3,3,3,3,1,2,4,0,0,2,2,0,0,2,1,2,2,4,0,0,0,4,3,1,0,2
395,0,3,4,0,0,4,3,1,4,0,2,0,1,1,4,3,1,0,3,3,3,1,2,3,0,2,3,0,3,3,2,3,3,1,2,4,0,4,0,2,1,4,3,2,4,4,0,4,1,1,4,2,4,2,2,0,2,1,2,1,0,3,1,1,2,1,2,4,4,2,0,3,0,1,4
396,1,3,4,2,1,3,2,0,4,3,0,1,4,2,4,0,2,3,0,3,0,2,3,4,4,3,4,4,1,2,3,0,1,0,1,2,0,2,0,0,4,0,2,3,4,2,0,4,4,3,2,2,1,3,4,0,3,2,1,2,4,3,4,0,1,2,0,1,3,1,1,1,1,3,1
397,4,2,4,1,3,1,0,4,0,1,4,3,4,3,1,2,4,4,0,3,3,4,3,3,2,1,4,0,0,1,2,4,2,1,1,2,3,3,4,1,1,3,2,0,2,1,2,0,2,0,0,1,4,2,3,1,0,2,3,0,2,4,1,1,2,0,3,0,2,4,3,0,3,4,0
398,3,4,3,4,3,1,2,1,1,0,0,4,3,2,0,1,3,2,2,0,4,3,3,2,1,4,0,0,0,4,2,2,1,3,3,4,4,2,1,3,2,2,4,1,4,3,1,1,0,1,2,1,2,4,0,0,2,2,4,0,3,2,1,0,0,4,1,4,1,3,4,0,3,3,0
399,2,0,4,2,0,3,4,3,2,0,3,1,0,2,1,4,4,1,4,3,2,4,1,4,0,0,1,1,0,0,1,3,4,0,2,0,4,0,2,1,1,3,1,1,4,3,3,1,3,4,0,2,2,0,1,3,2,4,3,3,0,4,1,2,2,4,1,3,0,2,3,4,2,2,3
400,0,0,3,1,1,4,3,2,4,2,0,4,3,3,4,1,1,1,0,2,3,0,1,3,2,2,4,2,2,4,1,3,2,1,1,1,4,2,3,3,4,2,0,2,0,0,4,0,1,1,2,0,4,0,4,4,3,0,3,2,1,4,3,3,1,0,4,3,0,1,0,2,3,4,2
401,1,1,4,2,4,0,4,3,2,2,2,2,0,1,0,2,4,4,2,4,4,2,0,2,3,2,0,1,3,2,0,1,4,0,4,3,3,4,2,0,1,3,0,1,0,0,1,4,1,3,3,0,2,3,2,3,4,1,2,1,1,3,0,1,1,4,3,0,1,0,3,4,3,4,3
402,2,4,4,0,1,0,0,3,3,4,2,1,1,0,0,3,2,2,1,2,0,2,1,3,3,0,0,0,4,2,4,0,3,4,0,3,1,1,0,0,4,1,4,4,2,2,3,3,2,1,1,3,3,3,4,4,2,1,2,3,4,1,2,4,2,1,1,4,2,0,4,3,1,3,0
403,3,4,2,2,1,1,0,4,4,4,2,1,2,3,4,2,3,2,0,0,2,0,2,2,2,4,0,3,3,4,1,2,3,0,4,2,0,1,4,3,4,3,0,1,1,3,0,4,0,4,3,0,2,2,1,3,1,0,0,3,1,0,4,1,4,3,0,3,1,1,1,3,2,1,4
404,0,2,2,4,1,4,3,2,1,4,4,1,0,4,2,0,4,3,0,2,0,0,3,2,1,3,1,4,3,2,3,4,2,4,3,0,1,4,0,3,2,3,0,0,1,1,3,3,1,1,1,1,0,3,3,4,2,2,1,1,4,0,2,4,4,2,3,0,1,0,2,3,0,4,2
405,0,2,3,4,2,3,3,3,1,0,0,3,2,0,3,2,4,4,4,0,4,2,0,4,0,3,0,2,0,4,4,0,2,4,1,3,4,0,1,2,3,1,1,1,1,2,1,4,1,3,4,0,4,1,3,2,3,1,0,4,1,3,2,3,1,3,2,4,2,2,1,0,2,0,1
406,1,2,1,3,0,3,2,3,2,3,0,1,4,2,2,3,4,4,4,3,0,0,2,4,0,4,1,3,3,4,1,3,4,4,0,0,1,3,4,4,1,2,0,3,4,0,1,1,1,2,1,0,4,3,1,3,0,1,0,0,4,2,3,2,1,2,1,2,0,2,2,0,4,2,3
407,1,2,3,2,4,0,1,4,1,2,1,1,4,4,3,0,2,3,2,1,0,0,2,3,0,3,2,4,0,2,2,2,4,0,4,4,4,3,0,4,2,3,1,1,1,3,0,0,2,0,3,3,3,2,1,4,2,1,3,2,4,3,0,4,1,1,1,0,3,1,4,0,3,4,0
408,2,2,2,3,2,0,4,4,1,2,2,0,0,0,4,4,2,1,0,0,4,0,3,3,2,4,3,1,0,4,4,0,0,4,1,3,4,1,2,3,0,3,1,3,4,4,3,4,3,3,1,1,1,3,2,1,3,2,0,2,2,1,0,1,3,0,1,3,0,2,4,1,1,4,2
409,4,4,0,4,4,1,0,3,3,2,0,3,1,0,2,1,0,3,4,1,2,4,2,1,3,4,4,0,1,1,1,3,4,2,4,4,2,2,0,0,0,2,1,0,1,3,2,3,0,4,3,2,2,3,2,0,1,2,4,1,1,4,0,3,2,2,1,3,0,3,4,3,0,3,1
410,2,1,0,1,2,4,4,3,3,4,3,4,4,4,3,0,2,4,0,0,1,1,2,3,3,3,3,2,3,0,1,2,3,1,4,4,1,4,3,2,2,4,0,0,1,3,2,4,0,3,0,3,4,1,0,1,2,2,4,1,3,2,2,0,2,0,0,0,1,2,1,1,1,4,0
411,4,3,1,0,3,4,3,3,4,1,2,0,0,3,4,0,0,3,1,3,4,1,2,2,4,4,1,0,1,2,2,3,3,2,0,4,1,2,4,1,1,4,0,0,0,3,1,2,3,4,4,0,3,0,4,0,3,1,1,2,1,1,2,0,2,2,4,4,1,2,2,0,3,2,3
412,3,0,0,0,1,1,4,2,2,4,4,2,3,1,1,1,4,4,0,1,4,0,3,0,3,3,2,1,4,0,2,4,3,2,3,2,4,0,2,0,4,0,2,0,1,1,4,3,4,2,1,3,2,2,2,0,4,1,3,1,0,0,3,4,2,1,0,4,1,3,3,2,1,3,3
413,3,1,4,0,1,3,3,2,0,2,1,4,3,4,2,1,2,1,1,1,0,1,3,0,1,3,4,2,4,0,0,3,0,4,1,2,0,2,2,2,3,0,3,2,3,4,0,0,4,3,3,1,3,4,2,0,4,0,2,2,4,2,3,1,4,0,1,4,1,3,0,4,1,4,2
414,1,1,3,2,4,3,2,3,2,4,1,4,1,1,4,1,0,3,0,3,3,4,3,0,0,2,1,1,3,1,0,2,4,4,4,0,2,3,1,1,0,2,4,4,2,2,4,4,3,1,4,2,4,0,3,4,2,0,0,0,2,1,1,2,0,2,0,0,3,2,3,0,1,3,3
415,1,2,3,4,2,4,0,3,3,2,1,1,1,4,1,2,2,0,0,3,1,0,0,3,0,3,3,2,4,0,3,3,2,0,1,4,3,2,2,4,1,3,0,1,1,3,4,2,1,4,2,2,0,4,0,2,4,2,4,1,1,1,4,3,2,0,3,4,0,3,0,4,0,4,1
416,3,1,2,2,3,0,0,2,0,3,4,0,2,2,3,0,4,2,1,3,2,2,2,1,2,0,3,4,4,3,0,3,0,0,3,1,4,1,1,2,3,4,1,1,1,4,2,3,3,1,4,0,4,2,4,1,1,0,2,4,3,0,4,4,2,0,1,3,3,4,0,0,1,1,4
417,2,2,1,2,2,0,3,3,3,4,2,0,1,3,0,2,3,4,1,4,3,0,3,4,4,0,1,2,3,0,4,3,4,3,4,3,4,4,2,2,1,1,1,0,4,1,0,1,2,0,1,0,3,0,3,2,4,1,0,4,1,1,0,1,0,3,3,2,1,2,2,4,4,2,0
418,4,2,4,4,1,0,0,0,3,4,3,3,4,2,3,2,1,1,4,3,1,2,0,1,3,3,0,2,3,4,0,0,3,2,1,0,1,1,4,4,4,0,2,3,0,3,0,4,3,3,4,0,2,2,1,4,0,2,0,2,2,0,4,3,1,1,4,3,2,1,1,2,1,2,1
419,4,4,1,0,0,1,2,3,3,3,3,0,3,3,1,1,2,3,1,4,0,3,3,4,0,0,1,3,2,0,3,2,0,3,2,1,2,1,2,1,2,0,4,2,2,2,3,2,4,2,3,1,0,1,3,4,0,4,1,0,2,2,1,4,4,4,0,1,4,0,0,4,1,4,4
420,1,4,4,4,3,2,0,1,1,2,0,2,0,1,4,3,1,4,2,4,1,3,3,3,3,3,0,0,1,3,2,3,2,4,2,3,4,4,1,0,1,3,0,2,4,3,0,1,1,2,2,4,4,1,0,1,0,2,4,0,2,3,4,3,4,1,0,2,3,0,0,2,2,1,0
421,4,3,4,1,3,0,0,2,0,3,1,0,0,3,1,1,4,3,2,2,0,4,3,2,0,0,4,3,3,4,1,2,2,0,3,1,4,4,2,1,4,3,2,4,0,0,0,4,3,3,4,2,2,3,4,3,2,0,1,1,2,2,1,1,1,1,0,0,1,4,2,3,1,4,2
422,1,2,1,0,0,2,4,4,0,3,4,3,2,2,4,0,1,1,1,2,3,3,1,4,3,0,0,3,0,2,1,1,2,0,4,2,0,1,2,1,0,3,0,0,0,3,4,2,4,4,0,1,1,3,2,3,4,4,2,2,0,3,4,4,4,3,2,1,3,2,3,1,4,1,3
423,0,3,1,4,2,3,3,2,0,2,3,3,0,2,0,4,2,1,4,3,3,1,4,2,0,0,0,1,2,1,2,1,4,0,0,1,0,1,1,4,2,1,1,3,0,4,2,0,0,4,3,2,2,3,0,4,0,1,1,4,1,2,4,1,4,3,3,4,4,2,3,3,3,4,2
424,0,4,4,3,3,3,0,1,2,1,0,3,0,3,1,1,4,4,2,0,4,2,1,0,4,3,0,0,3,2,2,1,4,1,0,2,3,2,2,2,3,1,0,3,0,2,4,1,2,1,4,4,0,3,3,0,4,4,1,4,2,4,2,3,3,4,0,2,1,1,0,1,3,1,2
425,0,0,0,1,2,1,2,1,1,2,1,4,1,4,2,3,4,4,3,4,0,0,4,2,2,0,4,1,1,2,0,0,0,2,3,3,4,4,3,0,3,0,0,2,4,2,1,4,0,1,3,1,0,0,2,3,4,2,3,3,1,4,2,4,3,3,4,3,3,1,3,1,2,2,1
426,3,4,3,1,1,1,1,0,1,3,0,3,0,3,0,1,1,0,2,3,2,1,4,2,2,3,4,2,2,4,2,4,3,3,1,3,2,0,3,1,1,4,4,1,4,1,4,0,0,3,2,0,0,0,0,4,0,0,3,4,3,2,2,0,2,4,1,2,4,4,3,4,2,1,2
427,2,3,4,3,0,1,4,2,3,0,2,2,1,4,4,3,1,2,4,1,3,3,1,3,1,0,2,3,3,1,2,2,3,4,4,2,4,4,3,1,0,4,1,4,0,1,4,2,3,2,3,1,2,3,0,4,2,0,1,2,0,1,0,2,1,4,3,0,0,0,0,1,4,0,0
428,4,4,3,1,0,4,2,3,0,1,2,1,0,0,4,4,3,0,2,4,1,3,1,2,4,1,2,4,0,0,0,4,4,1,2,1,0,3,1,3,2,4,0,3,3,1,2,1,2,2,4,3,3,0,0,0,2,2,3,1,0,2,4,1,1,3,1,2,4,0,2,4,3,3,3
429,3,1,0,4,0,2,3,1,1,2,2,3,4,4,1,0,1,0,2,0,0,3,2,3,2,4,4,1,4,2,1,1,1,4,1,2,0,1,1,0,4,1,3,2,2,1,2,2,1,4,3,4,3,3,4,2,0,0,0,0,0,4,3,0,3,4,2,3,3,3,0,4,2,3,4
430,1,3,0,1,3,3,4,0,2,3,4,2,0,3,1,0,4,0,0,4,0,1,1,3,1,3,0,2,4,1,3,4,0,1,1,0,3,4,4,0,2,4,2,2,3,2,0,2,3,3,1,4,4,0,4,1,2,3,1,0,2,4,1,2,2,2,3,1,4,1,2,0,4,2,3
431,3,3,0,4,0,2,2,0,1,0,4,4,1,1,1,4,2,1,2,0,1,1,2,4,3,4,4,0,4,4,3,0,2,0,3,3,4,2,4,1,2,3,3,2,1,1,2,0,2,2,3,0,4,3,0,2,0,1,1,3,0,0,1,4,4,1,1,3,4,3,2,0,3,3,2
432,2,3,3,0,0,2,1,3,0,2,3,2,4,0,4,1,0,2,4,3,3,1,2,4,2,0,2,2,4,1,1,4,1,4,2,1,4,0,2,4,4,1,0,0,3,3,3,1,3,2,2,3,2,3,0,1,1,4,2,0,1,0,1,4,1,3,4,1,3,4,3,0,4,0,0
433,3,0,1,3,0,0,4,4,4,1,1,0,4,4,2,1,1,0,2,1,2,0,3,1,1,3,3,0,4,0,4,3,1,3,0,1,4,2,0,0,0,4,4,1,4,0,3,2,2,2,1,3,1,1,3,3,2,4,4,2,2,2,2,4,2,1,2,0,2,3,3,0,3,3,4
434,2,1,0,2,0,4,3,0,1,4,4,1,3,1,1,1,4,0,1,0,4,2,4,4,2,0,0,4,2,0,1,2,3,0,4,3,4,4,2,2,3,3,1,3,3,0,0,2,4,1,3,2,1,0,1,1,4,2,3,0,3,4,1,1,4,2,3,2,3,3,0,3,0,2,2
435,2,0,2,2,2,3,3,3,4,1,2,0,1,0,4,4,3,3,0,3,1,0,0,1,3,2,1,1,1,0,3,4,0,1,2,0,1,3,0,4,3,4,2,0,4,1,4,2,1,2,3,3,1,2,1,0,2,0,4,4,4,0,3,4,1,2,4,2,3,1,4,3,2,4,0
436,4,0,2,2,2,2,3,2,4,3,1,1,4,3,3,0,1,3,4,3,4,4,1,2,1,1,1,3,2,4,0,2,0,4,0,2,3,0,0,1,4,4,3,2,3,0,0,1,1,3,3,0,0,4,1,2,2,2,2,0,0,1,4,1,0,1,1,3,4,4,2,3,3,0,4
437,0,2,1,3,3,3,2,4,3,0,1,3,3,2,0,1,4,1,2,3,4,4,3,4,3,1,1,2,0,4,2,1,0,2,0,0,1,0,1,2,4,1,4,4,1,1,3,3,1,4,1,2,4,4,2,0,2,0,0,2,1,4,0,3,3,3,2,4,0,3,0,4,0,2,2
438,0,3,3,4,4,4,0,0,2,4,4,2,2,1,4,1,2,4,1,2,3,3,3,1,1,1,4,1,3,1,2,1,2,3,2,0,0,4,0,3,0,2,4,2,2,3,2,0,3,1,0,2,0,4,4,0,1,2,4,4,0,1,0,1,3,3,2,3,0,4,1,3,0,3,1
439,1,2,3,1,0,1,1,0,2,1,2,4,2,4,3,4,1,0,2,0,0,0,4,1,3,4,3,3,1,4,0,1,3,3,4,1,2,4,3,3,4,2,3,0,2,4,2,2,1,2,4,3,3,4,0,1,2,3,4,0,4,0,1,2,0,0,4,2,2,0,3,3,1,0,1
440,2,4,0,3,2,4,3,1,4,0,0,4,3,4,1,2,4,2,4,3,1,4,0,2,4,0,0,3,2,1,3,2,0,3,3,3,1,1,2,2,0,1,3,4,2,2,4,1,0,1,3,3,1,0,2,4,1,1,4,3,2,1,4,0,1,0,2,0,1,0,3,4,0,3,2
441,4,4,0,4,0,1,1,3,4,0,3,0,2,0,2,0,0,4,1,0,2,3,1,1,3,0,4,0,2,3,4,1,0,1,1,2,4,2,1,0,3,2,0,3,2,2,3,2,4,1,3,4,1,3,2,4,4,2,3,1,3,0,2,0,1,2,4,3,4,4,1,1,3,2,3
442,3,1,3,3,1,3,0,2,4,2,3,4,2,4,0,2,1,1,0,0,2,0,3,4,1,3,0,0,0,1,1,3,0,3,0,3,4,2,4,1,0,3,2,2,4,4,4,0,4,0,1,3,4,1,2,1,2,0,3,4,2,2,3,1,2,4,4,2,3,1,4,1,1,0,2
443,3,3,4,3,4,3,4,3,0,1,3,1,0,4,0,1,3,0,0,2,2,1,3,1,3,4,4,2,4,4,2,0,4,4,2,0,2,2,1,2,1,1,0,1,2,1,2,1,1,1,0,0,3,3,0,0,1,4,4,3,0,0,1,2,2,3,0,2,4,3,4,2,2,3,4
444,3,3,2,2,4,4,2,3,1,2,0,4,1,4,4,0,0,1,4,3,3,4,2,2,3,3,0,1,2,4,3,1,4,1,0,1,4,1,1,3,2,4,2,0,2,2,2,0,3,0,3,3,3,3,0,0,3,1,4,4,0,2,2,4,1,1,0,0,1,4,1,0,2,1,0
445,4,2,2,1,4,3,3,0,3,2,3,2,3,4,3,0,1,0,2,4,0,0,0,2,4,1,0,4,1,4,4,3,4,4,3,1,0,3,0,2,2,2,2,1,2,2,0,3,1,1,1,4,1,0,4,0,3,4,3,1,1,2,3,3,3,1,4,2,0,4,2,0,1,0,1
446,2,4,3,2,2,1,4,3,2,3,2,4,1,0,0,3,4,0,2,1,4,0,2,2,2,4,1,3,0,4,1,1,3,3,3,2,0,1,3,2,0,1,4,4,4,1,0,0,4,2,0,4,2,3,4,0,3,0,0,3,3,1,1,4,3,1,4,1,0,1,0,3,2,2,1
447,4,1,3,1,2,0,4,4,0,1,0,0,3,2,0,0,3,1,3,1,1,0,4,2,1,0,4,1,3,1,4,4,0,4,0,3,1,2,2,2,4,4,4,2,1,2,0,1,3,1,4,3,2,4,3,2,0,3,0,3,2,2,1,4,3,2,0,2,1,3,3,2,4,3,0
448,0,0,3,0,3,2,1,3,2,3,1,2,2,0,3,4,4,3,0,0,2,3,2,3,3,4,3,2,0,0,2,1,0,4,0,0,2,4,4,0,0,4,4,3,4,1,1,1,3,0,3,1,1,1,2,2,4,4,0,4,4,1,1,1,3,2,2,4,4,1,2,2,1,1,3
449,0,4,0,0,4,0,3,3,0,0,3,1,2,3,0,4,4,2,3,1,2,3,1,4,2,1,3,0,2,4,1,1,3,4,4,1,2,1,1,1,2,1,3,1,2,3,2,0,4,2,1,2,4,4,2,3,2,4,0,2,0,3,2,0,4,4,4,3,0,0,3,1,0,1,3
450,0,1,2,4,1,3,4,2,4,3,4,4,1,2,0,3,1,4,4,2,0,3,1,0,1,3,0,4,1,1,3,4,4,3,2,3,0,1,0,1,1,2,0,2,2,4,2,0,2,1,0,4,0,0,0,3,4,3,3,2,4,1,3,1,2,3,2,2,2,1,3,0,4,0,3
451,4,3,0,0,1,1,2,0,3,2,0,3,2,4,3,2,4,4,1,4,2,3,4,2,1,1,2,3,0,3,1,4,3,0,1,0,0,2,2,4,2,3,3,4,4,0,0,1,1,3,0,0,0,3,1,0,0,3,3,2,4,1,2,4,3,4,2,1,4,1,2,4,2,1,1
452,0,2,2,4,4,4,0,3,1,3,3,2,3,3,4,2,0,0,3,1,1,1,2,3,3,0,2,0,0,1,1,4,1,0,0,0,4,4,1,1,3,3,2,2,1,4,2,0,4,1,3,3,1,3,4,4,4,2,0,4,1,2,2,2,2,1,0,4,3,0,1,4,3,2,0
453,2,1,0,4,1,0,0,1,0,3,1,2,4,4,2,0,1,2,4,2,1,3,4,1,0,3,2,1,4,4,1,2,0,0,1,0,3,4,2,4,0,2,3,3,1,0,3,2,3,0,1,2,2,2,1,0,1,4,4,3,3,3,3,0,1,3,2,3,0,4,4,2,3,4,4
454,2,1,4,3,2,4,0,0,0,1,2,2,1,2,0,0,2,3,3,1,1,3,4,3,0,1,4,3,4,4,3,0,3,1,4,1,3,0,2,0,3,0,3,1,0,4,2,2,1,1,1,0,3,0,4,1,2,2,0,2,0,4,2,3,4,4,3,3,2,1,4,4,4,1,2
455,2,3,2,4,1,0,2,1,4,1,2,4,0,4,0,3,2,1,0,3,2,2,4,3,2,0,4,3,3,4,4,2,3,0,1,1,0,3,3,1,3,0,3,0,0,1,2,0,4,1,1,0,0,3,1,4,4,4,2,2,4,3,3,1,3,2,2,4,0,1,4,2,1,1,0
456,3,1,0,3,4,1,1,0,4,2,4,0,1,2,2,4,2,3,1,4,1,3,3,3,4,1,1,0,2,0,4,2,1,0,4,2,1,0,3,0,4,4,4,0,1,3,2,1,4,3,3,1,3,2,1,2,0,2,0,3,2,3,4,0,3,2,4,2,1,0,0,4,3,0,2
457,0,0,0,1,4,3,1,4,0,4,0,0,0,3,1,1,4,1,1,4,2,4,4,0,3,4,2,0,2,2,4,1,2,4,0,1,3,1,4,2,0,4,2,2,2,3,3,3,3,1,2,3,4,3,4,1,2,2,0,3,4,1,2,3,1,3,2,1,0,3,1,3,0,2,0
458,3,1,1,0,0,0,1,2,1,1,3,0,0,3,3,0,4,0,2,3,3,2,2,4,1,2,2,2,3,2,4,0,4,1,1,0,3,4,3,2,4,1,3,1,3,1,4,2,4,4,2,4,2,0,0,2,4,1,3,1,3,4,1,0,1,3,0,4,4,4,0,3,2,0,2
459,3,2,4,3,0,0,2,3,0,4,3,0,1,2,1,1,0,4,2,3,2,1,3,0,4,0,0,4,3,0,3,1,0,4,3,3,2,0,1,2,1,3,2,3,4,2,3,0,2,1,2,4,4,1,4,0,1,1,4,1,4,1,2,4,1,2,2,3,0,1,4,0,2,4,3
460,4,4,0,4,2,1,4,1,0,3,2,1,4,2,3,0,0,0,2,2,4,2,3,1,0,4,1,3,0,4,3,3,0,3,4,1,2,3,4,0,2,1,3,2,4,3,4,1,3,2,2,1,4,2,1,3,0,1,0,0,1,0,4,2,0,1,3,2,1,2,3,1,0,4,3
461,0,4,4,0,3,0,2,0,3,0,3,4,4,0,2,2,4,0,2,0,1,1,3,1,0,0,1,1,1,1,1,1,4,0,2,2,1,1,0,3,3,4,2,0,2,3,3,4,2,3,0,1,1,4,2,2,4,3,3,0,2,4,4,3,1,3,2,4,2,4,1,3,2,3,4
462,3,1,1,2,3,1,3,3,4,0,0,4,2,2,3,2,1,3,1,2,4,3,1,1,4,2,0,3,4,0,1,3,1,4,0,1,4,0,4,1,0,3,3,0,1,0,3,4,2,2,2,2,4,2,4,4,2,0,4,2,4,0,0,1,3,0,0,2,1,2,3,3,4,1,0
463,0,3,2,0,4,3,0,2,1,0,2,1,4,2,4,1,2,4,4,4,0,2,1,0,2,3,3,3,1,0,3,4,2,0,2,4,1,0,4,2,1,3,2,0,3,3,1,4,3,0,4,3,4,1,1,1,0,3,2,1,3,0,3,0,1,2,4,2,4,4,0,3,1,2,1
464,4,0,4,1,4,1,4,2,1,3,4,3,1,0,0,3,3,0,2,0,4,2,2,2,3,3,4,0,4,4,2,1,2,3,0,3,0,1,3,1,1,2,3,3,1,0,0,3,3,2,0,2,3,2,1,2,0,0,1,4,1,1,4,3,4,2,2,0,1,4,4,0,1,4,2
465,4,0,0,2,2,1,3,1,4,4,1,3,0,2,2,0,0,1,0,4,4,4,3,0,0,3,2,3,1,2,3,0,4,2,3,3,2,1,2,1,2,2,4,0,1,3,4,4,0,2,1,4,3,3,1,0,0,1,3,0,1,1,4,2,3,2,0,1,3,4,4,1,2,3,4
466,0,3,4,1,3,3,3,3,0,4,4,1,2,0,3,2,4,1,2,0,3,2,1,2,3,3,0,4,1,0,3,0,0,4,4,3,3,2,2,3,0,1,1,2,2,4,4,0,2,4,4,1,0,1,3,2,0,0,1,1,2,1,4,4,0,0,4,3,1,4,2,2,2,1,1
467,3,2,0,4,1,2,3,3,3,3,3,2,2,2,3,4,2,1,2,4,3,0,1,1,4,0,1,4,4,3,2,2,3,1,3,0,0,4,0,0,0,0,2,2,4,2,4,1,4,0,3,1,1,2,4,4,1,4,0,1,2,0,0,4,0,3,3,1,2,1,0,3,1,4,1
468,2,4,4,0,0,1,0,0,0,4,4,1,0,1,4,0,3,2,1,0,4,3,3,1,4,0,4,3,2,2,2,3,1,2,1,2,3,3,3,1,1,2,0,1,1,1,4,0,3,3,4,3,0,4,3,2,4,3,1,2,2,3,4,4,2,1,4,3,2,2,0,0,1,0,2
469,4,1,0,0,4,2,0,0,1,4,1,3,1,2,1,4,4,1,2,2,2,0,4,3,4,1,3,3,3,2,0,4,1,1,2,3,2,2,3,0,4,4,4,3,1,1,0,1,4,2,3,4,2,1,2,0,2,3,3,3,1,2,4,4,0,3,0,0,0,2,0,3,3,1,0
470,0,4,4,4,0,3,1,4,4,3,3,2,1,3,3,4,2,0,2,1,1,1,1,3,3,3,2,2,2,0,3,4,1,2,3,3,0,0,4,1,0,4,3,4,4,3,2,2,4,0,3,0,0,0,2,4,0,3,0,1,1,2,1,1,2,4,2,2,1,4,1,0,0,1,2
471,3,0,0,1,4,1,3,4,1,3,3,0,1,4,0,2,1,4,4,3,4,0,1,1,2,3,0,1,3,1,3,0,4,4,2,4,1,4,1,3,2,3,3,2,3,4,4,4,0,3,0,0,1,2,1,2,2,3,0,4,2,1,1,0,2,0,2,2,4,2,2,3,0,2,0
472,1,3,4,1,2,0,4,0,2,4,4,2,0,1,3,0,1,0,0,2,0,3,3,2,2,1,2,4,4,1,3,4,0,4,2,4,0,1,2,2,0,3,1,3,2,3,3,3,0,1,3,2,1,4,1,4,2,0,0,4,3,0,0,3,1,2,4,1,1,2,3,3,4,1,4
473,2,2,1,2,0,3,4,1,1,3,0,0,0,2,3,0,3,1,4,1,4,2,3,3,1,4,3,2,2,4,1,3,0,0,0,1,4,3,4,4,4,1,2,1,0,1,0,1,4,0,3,3,2,2,2,1,3,4,1,4,3,0,2,2,0,0,4,2,0,3,4,1,3,4,2
474,0,4,3,2,2,2,4,2,1,4,2,1,1,1,3,1,0,3,0,0,3,1,1,1,0,3,2,2,0,4,0,3,3,3,3,3,4,1,2,2,4,0,0,4,1,1,3,3,1,4,1,4,3,4,2,0,2,4,4,2,1,3,4,0,2,0,2,0,2,4,3,0,0,4,1
475,4,1,2,4,2,3,3,0,1,4,1,4,0,3,3,4,1,0,3,1,0,2,0,4,1,0,2,4,4,1,0,1,3,3,2,3,2,4,3,0,2,3,2,3,4,0,2,2,3,4,1,3,0,1,3,1,4,4,4,2,2,1,3,0,0,0,0,4,2,1,1,2,1,0,2
476,4,4,1,1,4,4,3,0,1,3,4,3,1,4,1,3,3,0,3,0,2,3,1,2,0,1,2,2,3,2,4,1,4,2,0,0,3,1,4,1,0,4,0,2,0,2,4,1,0,3,0,4,4,0,0,3,1,0,3,0,2,4,2,2,2,2,1,3,3,1,2,3,4,2,1
477,2,0,2,1,3,4,4,0,4,2,0,0,0,3,1,2,1,3,4,4,3,0,2,3,4,3,1,1,1,3,3,0,2,3,3,4,2,4,3,4,0,4,3,2,3,1,1,2,2,2,3,2,1,0,1,4,0,2,0,4,1,1,1,3,0,0,4,2,1,1,0,0,4,4,2
478,1,3,0,4,0,0,1,4,4,4,2,1,1,3,0,2,1,4,0,3,2,0,3,0,1,2,4,2,3,2,4,3,3,2,1,4,1,4,2,0,1,0,1,3,1,3,0,0,1,1,4,2,2,2,4,4,4,3,0,2,3,0,3,2,2,0,4,1,3,3,3,1,0,4,2
479,0,0,4,4,1,4,0,2,4,2,2,4,2,1,3,3,1,2,3,3,3,3,3,3,1,2,1,3,0,4,0,2,4,3,2,1,3,1,2,0,1,0,0,4,1,0,2,1,4,3,4,0,2,0,4,1,3,2,0,3,4,4,1,4,0,2,3,1,1,0,2,4,0,2,1
480,0,1,1,3,0,4,1,4,0,0,0,4,0,3,1,1,1,2,4,0,2,4,2,4,1,0,2,1,3,2,2,0,3,2,3,1,4,0,0,4,2,3,2,2,1,4,1,3,3,3,2,4,2,0,1,1,4,1,2,3,4,4,0,4,3,3,2,4,0,2,3,3,3,1,0
481,2,3,3,0,0,4,1,2,3,3,4,3,3,4,0,4,2,4,3,0,2,2,4,1,4,0,4,2,1,4,4,1,0,3,1,1,1,2,3,0,0,2,3,3,0,3,2,4,0,1,2,4,0,1,1,2,4,1,4,1,2,0,2,3,3,0,4,3,1,1,2,1,0,2,0
482,0,0,1,3,0,3,0,3,3,2,4,2,4,1,0,1,0,0,3,3,0,0,4,1,4,4,2,0,3,2,1,1,0,1,0,3,1,2,3,3,4,2,4,4,2,2,0,2,0,2,4,4,3,1,1,3,2,1,0,2,4,4,4,1,3,4,3,2,1,4,1,2,2,1,3
483,0,4,0,1,2,2,0,4,1,2,3,0,2,2,2,0,2,2,2,2,2,0,3,1,4,3,4,4,4,4,3,0,3,1,0,3,4,3,4,0,1,1,3,1,2,1,4,0,0,4,0,3,4,1,1,0,2,1,1,4,2,3,1,3,0,1,0,3,2,4,3,3,3,4,1
484,1,4,3,2,1,0,1,0,0,0,1,3,4,2,4,3,4,0,0,1,2,1,4,3,3,1,4,2,2,4,0,0,4,2,2,3,4,0,4,0,2,4,1,1,4,4,1,3,1,3,0,1,1,3,2,2,2,1,3,2,2,4,0,4,3,3,2,2,3,1,0,0,0,3,3
485,2,1,3,4,3,2,4,0,1,3,0,3,4,0,2,0,0,1,2,4,1,2,1,3,3,3,1,4,4,4,3,2,2,2,4,3,4,1,1,3,2,4,4,4,1,1,0,3,4,0,1,3,0,0,3,0,4,2,2,2,0,2,0,3,1,1,3,4,2,2,1,0,1,0,0
486,3,3,4,4,0,1,0,1,1,4,2,3,2,3,1,1,1,1,2,0,0,2,0,3,4,3,4,1,4,3,4,0,0,4,3,0,1,2,3,0,0,0,3,0,2,1,2,1,2,0,0,4,2,2,4,4,1,3,2,1,2,4,3,4,3,2,1,0,3,4,3,2,1,2,4
487,2,0,0,4,3,3,2,3,3,0,0,3,2,4,4,1,4,0,0,3,4,4,4,3,1,0,2,1,2,2,2,0,1,4,0,3,3,2,3,1,4,0,1,2,1,4,1,3,2,4,2,3,1,1,1,2,4,1,0,3,0,1,0,0,3,1,2,4,0,4,2,3,4,2,1
488,4,2,1,0,4,1,4,2,1,4,4,0,4,0,4,4,2,3,0,1,3,1,1,4,0,1,2,0,4,2,2,0,3,1,3,3,2,0,4,4,2,0,3,3,1,3,3,0,2,3,3,1,0,2,1,0,1,0,0,2,4,1,4,4,1,1,3,2,0,2,3,2,3,3,2
489,3,2,1,0,0,4,0,4,2,3,2,2,0,0,0,3,2,3,2,4,4,2,2,1,3,4,3,3,0,3,4,2,1,2,3,0,4,3,4,1,1,1,1,3,1,4,0,2,4,3,3,0,1,1,4,0,0,2,4,4,2,3,4,0,2,1,3,1,1,4,1,2,1,0,0
490,1,0,0,0,3,3,1,4,2,0,4,3,0,0,1,4,3,1,2,3,1,0,2,0,4,0,0,4,3,2,2,3,2,2,4,3,0,4,1,0,1,2,2,4,1,1,1,1,3,1,1,4,4,1,4,0,3,4,3,3,2,4,3,3,0,2,2,2,3,0,4,2,1,4,2
491,4,0,3,2,4,3,1,2,0,3,4,0,0,1,0,2,3,2,1,4,0,2,3,4,0,1,2,1,1,0,3,4,2,4,0,4,4,1,1,3,3,0,0,2,1,2,4,1,2,0,2,1,3,3,3,2,3,3,0,4,1,2,3,2,4,0,1,4,0,1,4,4,1,3,2
492,2,0,3,3,0,2,3,0,1,1,3,0,2,1,2,3,4,2,1,1,4,0,4,2,4,3,3,0,3,1,0,1,2,4,0,4,2,1,0,3,4,0,0,2,3,0,1,1,0,4,2,4,3,4,1,1,4,2,0,3,0,4,1,2,2,1,4,3,3,3,1,2,4,4,2
493,1,1,0,2,3,2,3,0,2,2,4,4,2,4,1,1,0,2,4,3,0,0,4,1,3,1,2,4,1,0,3,3,2,0,0,3,4,3,4,2,2,3,3,1,4,3,3,3,0,4,1,1,4,1,0,1,3,2,4,1,2,4,2,1,0,3,4,2,0,4,1,0,0,2,0
494,2,3,2,0,1,2,2,1,3,4,4,3,0,4,1,0,0,4,3,0,3,2,4,2,0,1,0,4,2,0,3,3,0,3,3,0,1,2,3,0,0,2,3,3,2,1,1,0,4,4,1,4,1,4,4,1,0,1,1,3,0,1,4,1,3,2,4,3,4,1,4,2,2,2,2
495,2,1,0,2,2,3,1,4,0,4,4,0,2,4,4,4,0,2,3,1,3,2,1,2,2,1,4,0,3,1,2,0,4,3,4,0,4,3,3,2,1,0,2,3,2,4,2,1,2,1,4,0,0,0,1,0,3,3,0,4,2,1,1,4,4,0,3,1,1,0,3,3,3,3,1
496,1,1,0,1,0,3,4,0,1,4,0,3,3,3,4,4,1,0,3,3,0,1,2,2,1,2,0,1,1,2,2,4,3,2,2,4,2,0,2,1,4,1,0,3,1,3,0,4,4,4,0,2,3,3,0,2,4,1,3,0,0,4,2,2,4,2,3,1,3,4,1,3,4,2,0
497,1,4,2,4,2,4,0,2,1,2,3,1,2,1,3,0,2,2,1,4,3,1,2,3,4,1,4,2,1,3,2,2,1,3,0,4,0,0,3,3,2,0,4,0,1,0,3,3,4,0,0,0,4,0,3,3,4,1,1,1,0,1,3,2,2,4,0,3,4,4,1,2,4,0,3
498,4,2,0,3,4,1,2,4,0,3,3,4,4,0,2,2,1,2,0,4,0,4,1,3,0,3,1,3,1,1,1,4,1,4,3,0,4,1,1,3,4,1,2,3,2,0,2,2,4,2,1,0,3,3,3,3,4,1,2,0,4,1,0,0,2,0,2,0,2,0,2,1,4,3,3
499,3,0,0,0,4,3,0,2,1,3,4,4,4,3,0,4,0,3,2,0,3,2,0,2,4,1,1,4,0,2,1,1,1,3,3,4,2,1,4,3,1,0,3,1,4,4,2,1,2,1,2,2,0,4,2,0,1,3,3,2,4,2,0,3,1,0,2,1,3,2,1,4,4,3,0
500,3,2,1,1,1,1,0,0,2,1,3,1,4,2,2,3,1,2,4,1,2,2,4,1,1,0,3,2,0,0,4,1,2,0,3,2,0,0,1,4,4,0,1,3,3,3,3,3,0,3,4,4,0,2,1,4,2,0,0,0,1,4,4,4,3,2,4,4,3,3,4,3,2,0,2
501,1,4,0,3,4,2,2,1,2,0,2,4,0,3,3,2,1,2,3,2,0,0,3,3,4,1,0,1,2,0,3,2,3,3,4,4,2,4,0,2,0,3,0,1,1,1,2,4,2,1,1,4,3,4,2,0,0,4,1,1,0,3,4,3,0,4,0,1,4,4,1,3,1,3,2
502,2,1,0,4,2,3,4,1,2,4,1,2,3,0,1,3,0,0,2,2,3,3,0,3,0,4,1,4,4,1,2,1,3,4,1,4,2,2,1,4,0,4,3,3,1,3,0,1,2,4,0,2,2,2,0,0,0,1,3,0,4,1,4,0,3,1,3,4,2,4,2,0,3,3,1
503,3,4,0,0,2,0,2,3,0,2,1,3,2,3,1,1,2,4,4,2,3,1,1,0,1,4,2,2,0,3,2,0,3,4,1,3,3,0,4,1,4,4,3,0,3,4,0,0,3,1,1,4,1,2,3,2,4,3,4,1,4,2,2,0,4,0,1,2,0,3,1,0,2,1,4
504,0,3,1,1,1,0,3,4,3,1,1,4,2,3,0,0,3,3,4,4,4,0,2,1,2,1,3,4,3,2,2,1,2,4,3,2,0,0,4,4,1,4,2,4,2,1,2,2,1,0,0,4,4,3,3,1,3,2,2,0,3,2,1,3,0,1,2,0,3,0,1,0,4,4,0
505,3,3,3,1,2,1,4,3,1,0,4,1,2,2,0,2,1,4,2,1,4,3,4,0,0,2,0,0,2,0,1,4,2,2,1,3,4,2,4,1,3,4,3,4,3,1,4,2,0,3,3,2,1,0,1,0,0,4,2,4,2,0,3,2,1,4,1,0,1,4,3,0,3,3,0
506,3,4,3,1,0,1,0,2,3,4,3,1,2,1,1,0,0,1,1,2,4,0,2,4,1,0,3,0,1,3,4,1,1,4,4,0,3,0,3,4,2,0,0,2,3,2,2,4,3,4,4,2,1,2,3,3,1,2,2,0,1,4,3,2,2,0,0,4,0,2,4,3,3,1,4
507,4,2,3,4,0,2,0,2,3,2,1,2,1,3,0,0,4,2,4,1,4,0,2,4,1,3,4,0,0,4,1,1,1,4,4,2,0,3,0,3,4,4,3,2,2,1,0,1,0,1,2,2,4,3,0,1,3,3,2,2,1,4,0,1,4,3,1,0,3,3,3,2,3,1,0
508,1,2,0,0,2,0,2,2,3,1,2,2,3,2,1,3,2,4,1,3,4,2,1,0,0,4,3,2,2,1,1,0,3,1,1,2,4,1,2,0,0,0,0,3,4,0,0,3,4,4,0,4,0,3,4,4,1,3,3,1,1,1,0,3,4,4,4,3,1,4,2,2,3,4,3
509,4,3,1,2,0,3,3,0,2,0,2,2,3,3,4,1,3,4,0,3,3,1,2,2,0,2,3,2,0,3,2,3,0,4,1,4,2,2,1,0,1,4,1,3,4,2,1,2,4,1,4,1,0,0,4,3,1,2,4,0,0,1,1,0,3,0,3,4,4,0,4,1,1,4,2
510,2,3,1,3,2,0,0,0,0,3,1,4,4,3,4,4,1,1,2,2,0,3,3,1,4,3,4,0,0,4,1,4,0,1,2,3,1,1,1,4,0,4,2,1,4,4,2,4,3,1,3,2,0,3,3,2,2,0,2,2,0,0,0,0,2,4,2,1,3,1,3,3,4,1,2
511,2,1,4,2,4,0,3,1,2,4,4,3,1,1,2,1,3,4,0,1,0,0,4,4,3,1,0,2,1,2,1,3,4,3,1,3,4,0,2,0,3,3,4,4,3,1,2,0,3,2,0,2,1,2,0,4,2,4,0,3,0,2,3,0,3,4,2,3,1,0,1,4,0,1,2
512,4,3,1,2,2,2,2,4,1,1,3,4,4,2,0,0,0,1,0,4,4,0,3,1,2,0,3,2,4,1,0,2,1,3,3,4,2,3,4,4,4,1,0,1,1,2,0,0,3,2,0,0,3,4,3,4,2,0,2,1,2,4,1,3,1,2,3,0,3,3,1,4,3,1,0
513,2,3,0,4,3,0,1,1,2,0,3,2,4,0,0,2,2,4,3,1,3,4,2,1,1,3,0,4,3,3,2,4,1,0,4,0,1,3,0,2,0,4,2,4,1,4,4,4,0,1,1,3,2,3,0,0,3,1,4,2,4,2,2,1,1,2,1,3,0,3,4,1,2,0,3
514,1,3,2,2,2,3,0,3,1,0,2,1,3,4,0,4,3,0,2,2,1,4,3,0,1,2,4,1,3,0,1,2,0,4,1,0,3,0,4,0,4,3,2,1,1,3,0,0,3,0,1,3,1,1,3,2,0,1,0,4,4,4,3,4,3,2,4,4,1,2,2,2,4,4,2
515,1,4,0,1,2,0,0,3,3,4,1,1,4,0,0,4,0,1,1,0,3,4,1,3,1,3,4,1,4,2,1,2,0,4,3,0,4,2,2,1,4,2,1,2,3,4,3,3,3,2,2,0,0,4,3,0,0,0,4,4,2,1,0,3,3,2,2,3,1,4,2,3,2,1,2
516,1,0,3,3,0,1,4,4,3,0,3,2,0,1,4,2,1,2,1,4,2,1,1,3,4,1,3,4,3,0,1,2,1,4,3,0,2,1,2,3,3,2,2,0,4,4,0,1,4,3,2,2,0,2,0,0,2,3,0,1,0,4,0,2,4,1,2,4,3,4,4,3,1,0,3
517,2,1,1,1,0,4,0,0,4,1,3,4,0,4,2,4,0,1,2,3,4,2,1,0,2,3,3,2,2,2,3,3,4,0,4,1,0,1,0,3,2,3,3,3,4,3,4,3,4,1,0,0,2,4,2,1,0,4,2,4,4,1,3,3,0,0,0,1,2,3,1,1,2,2,1
518,1,1,0,0,1,1,4,3,1,0,3,0,0,0,4,2,0,3,2,1,4,2,2,3,1,4,0,4,3,1,4,3,4,4,1,2,2,4,2,3,4,3,4,0,3,4,2,1,4,0,3,2,2,1,4,3,1,0,4,1,1,0,3,2,3,1,2,2,0,2,3,3,0,2,0
519,4,4,2,3,1,3,0,4,0,3,2,4,2,3,4,2,4,2,2,3,4,0,4,1,0,4,3,0,0,0,3,4,4,0,1,4,2,3,1,1,0,1,3,3,2,2,0,4,2,1,1,0,4,3,3,0,2,0,1,3,1,4,0,2,0,1,2,3,2,1,1,3,1,1,2
520,1,3,2,3,3,3,3,1,0,3,1,1,0,4,0,0,1,1,0,0,0,0,4,3,2,1,4,4,4,2,0,1,2,4,1,4,2,3,2,3,1,1,4,0,3,3,1,2,4,3,0,2,3,1,4,0,4,2,4,2,1,2,0,0,3,4,3,0,4,2,1,2,2,4,2
521,2,4,4,3,2,3,1,0,4,0,0,0,4,1,2,2,0,1,3,0,3,1,3,1,1,4,3,1,0,4,2,2,4,3,2,3,0,3,1,2,3,2,1,3,0,1,3,0,4,2,4,2,0,4,2,1,4,1,1,2,2,3,3,2,4,4,1,0,4,1,4,0,0,3,0
522,2,3,4,3,2,0,0,1,0,1,0,1,2,3,3,4,1,4,4,3,3,3,2,4,2,4,0,1,2,4,1,1,4,0,3,2,3,1,1,4,3,3,1,1,0,3,2,0,3,0,0,4,3,4,1,1,4,2,4,4,1,0,1,2,2,4,0,2,0,2,0,0,2,3,2
523,0,4,3,0,0,3,1,2,0,3,4,4,0,2,0,0,4,2,3,3,4,2,3,2,1,1,0,4,2,3,3,2,4,2,1,3,1,4,0,0,0,4,1,1,4,3,4,3,4,1,1,3,1,2,2,4,1,4,4,0,2,2,1,3,2,2,1,0,1,0,0,3,2,1,3
524,3,0,4,4,4,0,3,1,0,0,3,1,4,1,4,0,0,0,1,2,4,3,4,1,3,2,4,4,0,1,1,3,2,3,0,2,4,1,1,4,3,3,4,2,1,2,0,1,1,2,2,3,2,4,2,3,2,0,3,4,0,3,2,2,3,4,0,0,3,1,2,0,1,2,1
525,0,2,0,1,4,3,3,3,2,0,2,0,4,1,0,1,0,0,1,2,3,2,4,2,2,1,3,2,0,1,4,4,3,4,0,0,1,0,4,3,1,3,2,0,1,1,3,4,0,1,4,2,2,0,4,1,0,1,4,3,3,2,2,3,4,1,1,4,3,3,4,4,2,2,3
526,4,4,0,1,3,3,2,3,3,3,3,4,1,2,0,3,3,2,1,4,1,0,1,2,1,2,0,1,2,0,3,3,0,3,3,1,2,1,0,3,2,4,1,1,4,4,4,2,4,2,3,0,3,4,4,2,0,4,0,2,2,4,0,1,0,2,4,0,1,0,2,1,0,1,4
527,2,1,1,4,3,4,0,2,3,2,1,3,4,0,4,1,4,2,0,3,1,3,2,2,2,1,3,2,3,4,2,1,0,0,3,0,1,3,4,2,1,0,2,3,0,3,0,2,3,1,1,0,4,0,0,3,4,2,1,0,3,0,0,4,4,2,4,3,4,1,4,1,2,1,4
528,2,4,2,1,0,2,1,4,2,2,2,3,4,2,0,0,4,4,3,4,0,0,0,3,4,1,4,0,1,1,3,3,0,3,3,4,3,0,1,3,3,2,1,2,2,0,2,4,2,0,3,1,2,1,1,3,1,4,0,0,2,0,3,4,1,0,4,2,1,1,4,4,3,1,3
529,1,2,1,3,0,2,1,1,3,1,4,0,0,2,4,0,0,1,3,1,4,2,3,4,0,0,1,1,2,0,3,2,4,4,4,2,4,2,1,0,1,3,3,4,2,3,0,1,2,2,2,3,4,4,2,2,3,4,1,0,1,2,1,3,4,0,3,0,3,0,3,3,4,0,4
530,1,1,2,3,1,3,0,2,3,0,2,4,3,1,0,0,4,0,0,2,1,4,2,1,2,3,4,3,0,0,2,0,0,2,0,1,4,4,3,4,0,3,2,2,2,1,0,4,1,1,4,0,4,3,1,3,1,4,3,0,3,4,4,3,2,1,2,2,3,4,1,3,2,4,1
531,4,0,4,1,0,2,0,0,2,3,2,3,4,4,1,3,2,1,4,2,0,3,2,2,3,1,2,4,0,0,1,2,2,1,4,0,2,0,3,4,0,3,3,4,0,3,2,1,3,3,1,3,4,0,1,4,1,1,1,1,3,3,2,2,4,4,1,4,0,1,3,0,4,0,2
532,3,3,2,4,3,2,1,3,4,2,2,4,2,3,1,1,1,4,0,1,0,1,2,0,1,3,0,4,4,1,0,1,3,2,1,4,4,2,0,0,0,4,1,0,4,3,4,3,3,4,3,0,4,0,2,1,0,2,1,2,1,3,0,0,2,3,3,4,1,0,3,2,2,4,2
533,4,1,4,3,2,1,1,0,3,0,4,4,3,2,0,1,4,2,3,0,1,1,2,2,2,2,3,1,1,4,3,0,4,2,1,2,3,4,2,1,0,0,0,3,3,4,2,4,2,3,2,1,3,0,3,4,1,0,2,4,1,0,4,3,3,3,0,0,0,4,1,1,2,4,0
534,2,1,3,3,4,4,4,0,1,4,2,3,2,4,0,1,0,2,3,3,3,2,0,4,2,0,3,0,0,4,0,2,3,1,2,4,2,0,1,4,2,1,1,2,4,2,1,1,4,1,1,2,3,0,1,2,4,3,0,0,3,3,0,1,0,3,4,0,3,2,1,3,1,4,4
535,4,1,1,0,2,3,3,0,3,0,1,2,3,0,4,1,2,2,4,0,0,0,0,1,4,2,0,3,1,3,4,3,2,0,4,2,1,1,0,4,4,0,4,2,2,0,2,3,2,4,2,1,2,2,0,3,1,3,3,3,3,1,1,4,4,1,4,2,0,1,1,3,4,3,4
536,1,3,3,3,0,4,0,1,3,2,2,3,1,1,2,4,1,3,1,4,2,4,4,2,4,0,3,4,3,3,0,3,4,0,0,0,4,2,1,2,3,0,4,4,1,3,0,1,3,0,1,4,4,0,4,3,0,2,2,0,1,1,4,2,1,1,2,2,0,2,3,2,0,2,1
537,2,3,0,3,3,2,3,1,3,0,1,1,2,3,2,2,2,4,1,3,0,2,1,1,4,4,3,2,4,3,2,4,4,3,1,3,1,3,4,0,3,0,1,0,0,0,1,4,4,4,0,0,0,0,2,4,4,4,1,0,4,2,1,0,0,2,2,2,4,2,1,3,1,3,1
538,3,0,2,0,2,3,2,1,0,0,4,1,1,1,3,0,0,4,1,1,4,2,2,1,4,3,0,4,3,2,0,3,2,3,4,3,1,2,4,3,0,3,2,2,1,2,2,1,4,0,3,4,3,4,0,1,1,3,4,0,4,0,3,3,1,4,0,2,2,1,0,4,2,4,1
539,2,2,0,3,0,1,4,1,1,2,3,0,4,3,0,3,3,2,4,3,2,0,1,4,0,4,2,1,3,0,4,0,3,0,2,2,3,3,1,2,1,2,0,4,2,4,1,3,1,2,0,0,2,1,3,4,4,4,0,1,4,3,1,3,0,0,4,4,1,1,2,4,3,2,1
540,3,3,2,3,4,4,2,0,2,1,0,4,0,3,3,0,3,1,1,4,1,2,4,1,2,1,4,3,4,3,2,2,0,1,3,1,2,4,2,1,3,3,0,4,0,2,2,1,1,3,2,2,1,0,0,0,4,3,0,3,3,4,4,4,0,2,1,0,0,0,1,2,4,4,1
541,2,3,1,2,3,0,1,1,2,2,1,4,1,3,1,3,4,4,4,2,0,1,4,3,0,4,0,0,3,2,4,4,3,2,3,4,1,0,3,3,2,3,1,4,1,1,0,0,0,4,1,0,4,2,2,4,2,2,3,0,2,1,0,1,3,3,4,1,0,2,0,0,2,3,4
542,1,2,1,4,4,4,0,2,3,1,1,0,4,3,0,3,1,3,1,2,1,2,3,4,4,2,4,1,2,3,0,2,0,4,4,3,3,2,2,1,0,1,3,2,0,3,0,2,1,0,3,2,1,2,4,4,2,2,1,1,3,3,4,3,1,0,0,0,3,0,0,4,4,4,0
543,2,2,2,4,3,4,1,3,2,2,4,3,3,0,2,4,1,1,1,0,0,0,0,4,1,4,2,0,2,1,0,2,3,0,3,1,4,1,1,1,1,2,3,0,0,2,4,4,4,0,1,4,1,1,3,0,4,0,1,2,0,3,4,3,2,3,2,0,3,3,3,2,3,4,4
544,1,2,0,0,2,1,0,2,4,0,0,3,0,2,4,1,1,1,3,0,1,1,2,2,0,2,1,1,3,4,2,2,0,4,1,4,3,4,3,2,4,0,2,3,4,3,3,4,1,4,3,0,1,3,3,0,4,4,3,3,4,2,2,1,3,1,2,1,0,4,2,4,3,0,0
545,4,0,2,1,3,1,0,1,4,0,1,0,4,3,4,4,4,3,3,2,3,2,2,0,2,1,4,4,1,3,1,0,2,3,0,0,1,2,0,0,4,0,4,1,0,1,2,1,1,4,1,0,3,3,0,4,1,2,3,3,2,4,0,3,2,4,1,2,4,3,3,2,2,3,2
546,2,0,0,1,4,4,2,1,0,0,3,0,1,1,4,2,0,1,0,3,3,1,2,1,4,4,1,1,4,3,0,2,0,3,4,0,3,2,3,1,2,4,4,0,3,3,2,1,4,2,4,2,3,1,0,3,4,1,4,2,0,1,3,4,3,1,0,2,2,0,2,3,3,4,2
547,2,3,4,4,2,4,0,3,3,3,2,1,4,3,4,3,4,4,0,2,0,0,2,1,4,1,1,0,1,2,1,1,0,0,2,0,3,1,2,2,4,1,1,3,3,2,3,0,1,4,1,0,3,4,4,2,3,3,3,2,0,0,2,1,1,0,3,2,0,1,0,4,4,2,4
548,1,4,1,2,2,0,2,3,0,3,4,1,2,1,1,3,4,1,3,0,3,4,0,1,4,2,4,3,2,4,2,4,4,2,2,2,3,4,0,3,4,1,1,3,2,0,1,4,1,0,0,1,0,1,0,0,3,1,3,1,2,0,4,0,0,3,0,2,3,4,4,2,3,2,3
549,4,0,3,2,0,0,4,2,0,1,4,3,4,1,4,1,0,0,1,0,2,1,4,4,0,1,4,4,0,3,2,0,1,0,3,0,2,3,4,3,1,2,0,1,1,1,4,2,3,2,4,1,4,1,4,3,3,2,2,0,1,2,4,2,3,3,3,3,3,2,2,0,2,3,1
550,0,1,4,0,1,2,4,2,2,3,2,4,3,4,4,0,2,3,2,1,4,4,3,1,4,2,3,3,2,3,1,2,0,1,3,2,4,1,0,1,2,0,3,1,1,0,3,3,3,0,3,1,2,4,4,1,0,2,2,3,0,4,1,3,1,2,0,1,0,4,0,4,0,4,0
551,1,4,2,1,0,3,2,4,4,3,1,0,1,2,3,4,1,1,2,0,4,3,1,2,3,0,0,3,4,3,0,0,4,2,4,4,2,1,3,0,2,2,1,0,4,1,3,3,1,2,2,4,3,0,0,1,0,3,2,1,3,0,4,2,4,2,2,4,0,1,3,4,0,3,1
552,2,0,2,3,4,3,0,1,4,0,4,0,2,0,1,4,0,1,3,1,1,4,3,4,2,3,0,2,0,3,4,2,4,1,3,4,2,2,2,2,3,1,3,3,0,4,2,0,3,4,1,0,1,2,0,1,2,1,3,4,0,4,4,3,2,3,0,1,1,0,1,3,4,2,1
553,4,2,4,2,3,0,1,2,3,0,1,1,1,4,0,4,2,4,0,1,3,4,3,4,1,1,0,4,4,2,2,3,1,1,4,3,1,2,4,2,3,2,0,0,0,1,2,4,1,1,2,2,0,3,4,4,1,0,3,3,4,0,0,0,2,0,3,0,3,3,3,2,2,1,3
554,2,4,3,0,4,4,2,0,0,1,0,3,4,3,1,2,0,1,1,3,2,4,2,1,3,3,4,0,4,2,2,1,4,0,2,1,3,4,4,1,0,1,0,4,0,3,3,3,2,3,2,3,1,0,1,0,2,4,2,0,3,1,1,2,3,4,2,4,4,3,1,1,0,0,2
555,4,2,1,4,4,0,2,0,1,3,0,4,0,1,2,0,3,3,0,2,3,4,1,1,0,0,1,4,1,3,4,0,3,4,1,4,1,2,1,0,2,2,4,1,0,2,2,3,3,4,3,2,0,0,3,3,4,2,2,3,1,3,3,4,0,1,1,0,2,2,3,1,2,4,4
556,2,2,0,2,4,4,3,1,0,0,0,4,1,4,3,0,2,4,2,2,3,3,1,3,1,4,1,2,4,0,1,4,3,3,4,4,0,1,1,4,4,1,4,2,2,1,2,3,2,1,3,3,4,3,2,2,3,1,0,2,0,4,0,0,3,0,1,2,3,0,3,1,0,1,0
557,3,3,3,3,4,3,3,1,1,0,1,2,2,2,3,4,2,4,3,0,2,1,4,0,4,2,0,4,4,1,1,1,0,0,0,4,0,3,4,2,1,4,4,4,4,1,1,1,0,2,3,3,3,2,2,1,0,2,4,4,3,0,2,0,0,2,0,2,3,2,1,1,0,1,3
558,2,1,3,0,4,2,0,0,0,4,2,4,3,4,0,0,4,4,4,2,3,2,0,0,4,3,1,2,3,2,1,3,1,4,3,2,1,2,1,4,1,4,0,3,3,2,3,1,1,4,1,2,4,3,2,1,2,0,3,1,0,0,1,2,4,3,1,0,3,3,4,0,0,1,2
559,4,4,3,3,2,1,2,0,0,3,1,1,3,0,3,1,1,0,3,1,0,0,4,2,3,4,0,3,0,2,1,1,0,4,4,2,1,2,4,0,0,4,2,3,4,3,2,1,2,2,0,0,4,2,3,2,1,1,4,1,1,4,2,4,0,3,1,3,0,2,4,4,3,2,3
560,2,0,2,1,0,3,4,3,2,4,0,4,0,1,1,2,0,3,0,2,1,1,3,2,1,4,3,0,2,3,2,2,0,0,3,0,3,2,4,2,3,4,4,1,3,4,4,3,3,3,1,1,2,0,3,0,1,2,4,4,2,1,1,4,4,0,0,4,1,4,1,0,1,3,2
561,2,2,2,2,3,1,1,4,1,3,2,1,0,2,2,1,1,0,0,4,0,3,4,0,3,2,4,0,4,4,3,1,1,4,4,1,4,0,4,0,2,1,2,0,3,3,3,3,1,0,0,0,2,0,1,3,4,3,1,3,4,2,2,3,2,4,3,4,0,2,1,0,4,1,3
562,2,4,3,4,1,1,2,3,1,2,2,2,1,4,1,3,2,0,3,0,2,0,3,4,3,3,0,4,4,1,1,0,0,0,2,0,3,1,3,3,1,1,2,3,2,1,0,0,3,4,3,0,0,4,2,4,4,2,1,0,1,4,1,0,3,4,0,1,2,2,4,4,3,4,2
563,1,3,1,4,1,2,2,4,1,3,3,0,2,1,1,2,1,3,3,2,0,0,3,3,4,4,4,0,3,0,0,2,2,0,4,2,4,0,4,2,2,4,4,0,4,0,1,3,0,2,3,1,2,4,0,0,3,2,4,0,3,3,1,1,2,4,1,2,3,1,3,1,0,4,1
564,4,3,0,3,2,3,0,1,1,2,2,1,1,2,0,2,4,0,3,2,3,3,2,0,1,1,3,0,1,4,4,2,2,4,2,1,1,1,1,1,4,2,4,2,4,0,4,4,1,3,1,1,4,3,4,0,0,4,4,3,0,2,0,0,3,3,3,0,0,4,3,2,0,2,3
565,1,2,2,4,0,2,2,0,0,3,2,1,3,0,3,1,1,2,1,0,4,3,3,1,0,4,0,1,3,0,1,3,4,2,1,2,4,3,0,0,3,3,3,2,1,4,0,4,1,4,4,2,0,3,0,2,2,3,3,4,1,3,1,4,2,0,0,1,1,4,4,4,4,2,2
566,3,2,4,3,1,4,0,1,0,4,3,4,4,1,0,0,3,3,3,2,3,0,1,1,4,0,1,3,1,2,4,3,1,0,0,2,1,2,1,2,3,1,4,0,4,2,0,2,4,4,3,0,1,4,3,1,2,0,0,2,1,3,2,2,1,3,0,2,4,0,3,2,4,4,2
567,0,3,3,1,1,4,2,1,3,0,0,1,4,2,3,3,3,2,0,0,1,2,2,1,2,4,2,0,4,3,2,0,0,1,4,1,1,0,4,3,1,3,1,1,0,2,0,2,0,2,4,2,3,4,4,0,2,3,3,0,4,4,4,1,4,0,1,3,2,3,4,2,4,3,1
568,4,1,0,2,3,1,1,3,2,1,3,0,2,0,3,0,4,2,4,1,4,0,3,3,0,3,3,2,3,2,2,2,0,3,1,0,2,3,4,0,4,1,0,1,4,1,3,1,4,3,3,0,1,4,1,2,2,2,4,3,4,1,0,4,4,4,4,1,1,0,2,0,2,0,2
569,1,0,0,2,0,2,4,0,4,2,3,1,3,1,0,4,2,2,3,0,3,2,1,0,2,0,3,1,1,3,1,3,2,4,0,0,3,1,4,3,1,1,4,2,2,2,2,4,4,4,1,4,3,4,1,4,0,3,4,0,3,3,4,4,3,3,1,2,0,2,1,0,1,2,0
570,0,0,2,0,4,2,2,2,1,3,2,1,0,3,4,4,1,3,3,1,4,2,4,3,4,3,4,4,4,1,1,3,0,3,1,1,3,1,2,0,3,2,1,0,0,2,1,0,1,4,3,1,2,3,2,4,3,2,2,0,2,0,0,4,0,3,4,2,3,1,0,4,1,0,4
571,3,2,4,2,1,4,3,4,1,0,4,4,2,4,0,3,0,3,4,1,1,4,0,1,0,3,4,1,1,4,0,3,4,2,0,2,4,2,2,0,1,3,3,2,3,0,0,0,1,1,3,2,2,2,3,3,1,2,0,1,4,3,0,0,2,1,0,2,4,4,1,2,1,3,3
572,2,3,4,4,0,3,1,2,0,1,2,4,0,1,3,2,0,0,4,1,0,1,0,4,2,2,3,4,0,4,3,2,3,3,1,3,0,2,4,3,2,1,3,0,3,4,4,3,2,1,4,3,0,1,0,4,2,0,0,2,1,3,2,0,1,4,1,2,4,4,1,3,1,1,2
573,2,2,3,1,3,0,4,3,0,4,0,3,3,3,1,4,0,1,2,0,1,4,2,4,1,0,3,1,4,0,2,3,0,0,2,1,1,2,2,4,1,0,4,0,2,0,1,0,1,3,2,4,2,3,3,0,4,2,2,2,4,4,3,4,4,1,0,1,1,4,3,1,3,2,3
574,4,3,1,0,3,0,3,2,4,2,1,2,4,1,2,1,3,2,2,3,4,1,0,1,1,3,4,3,4,4,4,1,4,2,3,2,0,1,0,0,0,3,0,4,3,4,4,4,3,3,2,4,2,3,1,1,1,0,2,3,1,2,2,4,2,0,0,1,1,0,2,0,0,3,0
575,4,4,0,0,1,3,4,2,2,0,2,3,2,3,4,3,1,2,3,0,3,1,2,0,2,3,2,4,2,4,1,4,1,0,0,0,1,3,1,0,3,3,0,1,2,4,4,4,3,0,3,2,1,2,1,0,1,0,0,2,0,4,3,3,4,3,1,1,1,4,4,1,2,2,4
576,3,0,4,4,2,3,4,1,1,3,0,2,0,2,1,0,4,3,2,3,1,1,3,2,0,3,4,3,2,2,2,2,3,3,2,0,4,1,2,3,0,3,0,1,0,3,3,4,4,4,0,1,4,1,4,1,1,0,1,0,1,1,2,2,2,1,4,0,0,4,4,3,2,0,4
577,3,3,0,0,4,4,0,3,1,0,2,1,0,4,2,2,0,0,2,3,3,1,3,4,0,0,2,3,0,4,4,1,0,2,4,2,3,4,2,2,0,4,3,1,3,2,2,1,4,1,3,4,1,3,3,2,4,2,1,3,4,3,4,2,1,2,4,0,0,1,1,1,0,1,1
578,3,4,4,3,2,2,4,4,2,1,4,0,0,2,4,3,3,0,1,1,4,1,2,0,3,0,1,4,0,0,4,0,0,0,1,4,2,1,2,4,3,1,0,1,3,1,1,1,3,1,3,0,4,2,3,0,2,3,3,0,0,2,2,3,3,2,4,1,2,4,1,2,2,3,4
579,4,0,0,4,1,1,2,0,1,0,0,4,3,4,3,3,2,1,3,3,4,2,2,1,1,4,3,4,2,0,4,2,1,2,0,0,3,2,0,1,1,4,3,0,2,4,4,1,2,2,2,1,1,3,3,1,0,3,4,0,2,4,3,3,1,0,0,2,1,4,2,3,0,4,3
580,1,3,0,0,0,0,1,0,4,3,4,2,2,1,4,4,1,3,4,3,2,2,4,4,0,4,2,3,4,1,0,2,1,2,3,1,2,1,0,1,3,2,0,3,2,1,1,2,0,1,0,0,0,3,2,4,4,4,2,2,3,1,3,3,0,2,3,4,3,4,1,0,3,1,4
581,1,1,4,2,4,4,2,2,3,1,3,1,0,2,0,1,2,4,4,2,0,0,0,2,1,4,3,1,2,1,4,3,3,3,0,1,4,1,3,2,2,0,3,4,1,0,4,0,0,2,1,1,2,3,3,1,0,2,3,2,3,4,1,0,3,2,4,4,0,4,0,3,3,4,0
582,4,3,3,3,4,1,0,3,1,1,2,4,4,1,1,2,2,0,3,1,4,0,1,2,1,2,2,3,1,4,2,3,1,4,3,1,0,0,4,0,2,4,2,3,0,2,2,4,4,0,0,4,3,3,1,3,2,4,1,0,1,3,2,0,3,4,2,3,4,0,2,0,0,0,1
583,4,1,2,2,0,0,4,2,3,4,1,3,3,0,1,0,3,4,1,2,3,1,4,0,0,2,1,3,4,3,1,0,1,1,2,3,4,2,4,0,3,4,0,2,2,2,0,1,2,4,3,1,4,2,1,3,3,1,0,4,0,3,4,0,2,0,1,2,3,4,0,2,3,1,4
584,3,4,1,0,2,1,0,4,3,1,2,1,3,1,2,3,4,2,3,2,1,1,2,1,4,3,0,2,0,2,4,0,3,4,2,0,3,0,0,4,2,1,4,3,1,4,4,2,3,4,4,2,2,1,1,4,3,2,4,4,2,0,0,0,1,3,3,3,0,1,0,0,0,3,1
585,0,2,1,1,2,4,1,1,4,3,4,0,3,4,0,1,4,2,0,4,2,1,4,3,0,2,3,0,3,4,1,1,0,3,3,2,2,1,0,1,4,3,1,4,0,1,0,4,3,2,3,2,0,0,3,1,4,2,1,0,3,2,2,3,2,4,3,4,2,2,3,4,1,0,0
586,3,1,4,0,0,4,1,4,2,1,1,0,2,0,3,0,2,0,2,0,3,3,4,0,4,3,2,1,4,2,2,0,3,3,1,3,1,2,3,1,1,3,4,3,1,0,4,2,3,2,0,0,2,4,4,4,2,1,4,1,0,0,2,0,1,4,4,3,1,4,1,3,3,2,2
587,1,1,2,3,0,0,1,2,2,2,2,0,3,2,2,0,1,4,1,4,0,2,1,0,4,4,1,3,3,4,1,4,2,4,2,0,0,3,3,2,0,4,3,4,2,3,3,3,0,1,4,2,2,1,3,3,4,4,4,4,1,1,0,0,1,1,3,3,2,1,0,3,4,0,0
588,2,1,0,4,3,0,2,4,4,2,1,2,3,2,3,0,3,3,1,1,4,2,2,2,1,3,4,0,0,4,4,2,0,1,0,4,0,4,1,2,3,3,2,1,0,4,0,1,4,4,1,1,3,3,1,2,3,4,0,4,2,3,0,2,2,3,3,0,0,1,3,4,0,1,1
589,3,0,0,3,2,2,0,3,1,2,2,2,1,0,3,4,1,4,1,0,3,4,2,4,4,0,4,3,2,1,1,1,0,1,2,2,4,1,1,2,0,3,3,1,4,1,2,3,3,0,3,2,4,1,2,1,4,0,0,4,0,3,4,4,2,1,0,3,0,4,0,3,3,4,2
590,3,1,4,2,0,4,3,4,4,2,0,0,3,1,3,2,4,0,0,0,1,3,3,3,1,4,2,2,2,2,0,2,4,0,4,0,3,0,2,2,2,1,1,1,0,3,4,4,3,1,0,2,3,3,1,0,4,0,3,3,1,1,1,1,2,4,2,4,3,4,2,4,1,0,1
591,0,1,1,3,2,1,2,4,1,3,4,0,0,1,4,4,0,2,4,2,3,4,0,1,3,0,2,4,1,0,3,3,3,3,1,1,4,0,2,4,3,2,3,4,1,2,4,2,1,4,3,2,0,1,2,4,4,0,2,2,1,3,0,2,2,0,4,3,0,3,3,1,1,0,0
592,4,2,0,2,0,4,3,1,2,2,2,1,3,4,3,2,1,3,0,4,2,1,4,3,3,0,1,0,2,0,3,4,0,3,1,1,2,2,4,3,4,1,2,3,2,1,1,3,0,1,0,1,0,2,0,3,2,4,0,0,2,3,0,4,3,1,1,4,4,0,4,4,4,1,3
593,1,3,2,0,3,2,4,1,2,3,4,1,2,3,1,4,4,3,2,1,0,1,0,0,2,2,2,3,2,2,1,3,4,0,4,0,3,2,4,1,0,3,0,1,3,1,4,3,4,0,1,0,0,2,4,4,3,2,1,0,1,3,4,3,0,4,0,0,1,1,4,2,4,3,2
594,2,1,1,4,1,2,2,1,2,2,2,2,0,4,1,3,3,4,4,0,1,2,3,4,1,3,0,1,4,3,4,0,1,3,3,0,0,4,3,3,1,1,4,1,2,1,3,4,3,1,3,4,4,0,0,2,2,0,0,0,2,3,4,4,0,4,2,3,2,3,0,0,2,0,1
595,4,4,0,3,0,0,2,0,2,2,3,0,2,1,1,1,4,4,1,3,2,3,0,1,0,3,0,2,0,2,0,4,4,2,3,4,3,1,2,3,1,4,3,1,0,1,4,1,0,0,3,3,3,1,4,4,1,1,3,1,2,4,2,2,4,3,2,4,0,2,0,3,4,2,1
596,1,1,0,2,0,3,3,2,1,1,0,2,1,1,4,0,4,4,2,1,0,2,0,1,2,2,3,3,3,3,3,1,2,1,0,1,0,4,4,4,0,0,3,3,1,2,1,4,2,2,4,4,3,3,4,0,2,0,3,2,3,0,0,4,0,2,4,4,1,3,4,1,4,2,3
597,1,2,2,1,0,4,1,3,0,2,0,2,4,4,0,3,3,0,1,3,2,2,1,4,1,4,3,3,1,1,1,0,2,3,3,4,4,3,2,1,0,0,1,4,3,4,0,1,2,1,2,1,4,3,3,1,3,4,2,4,4,2,0,4,2,0,3,0,2,3,0,4,0,2,0
598,1,0,1,3,0,1,4,2,2,4,3,3,0,2,0,1,4,3,4,0,2,4,3,3,3,3,1,0,2,3,4,4,4,0,2,4,4,2,0,2,0,3,0,2,2,3,4,4,2,1,2,1,3,0,1,1,2,0,0,3,4,1,1,3,1,0,4,0,1,2,3,2,1,1,4
599,0,0,2,3,3,3,1,3,1,4,3,2,3,2,0,2,0,3,1,2,2,2,4,2,3,2,4,1,1,4,0,0,4,2,4,3,3,4,3,0,2,0,0,0,4,0,3,2,1,2,4,4,0,3,3,1,4,1,1,4,3,1,2,4,4,1,4,1,0,0,2,0,1,1,1
